,PassengerId,Survived,Age,Fare,Pclass_2,Pclass_3,Fam_type_Small,Fam_type_Big,Fam_type_Very big,Title_Master,Title_Miss,Title_Mr,Title_Mrs,Title_Rev,Embarked_Q,Embarked_S,Cabin_B,Cabin_C,Cabin_D,Cabin_E,Cabin_F,Cabin_G,Cabin_T,Cabin_U
0,1,0.0,1,0,0,1,1,0,0,0,0,1,0,0,0,1,0,0,0,0,0,0,0,1
1,2,1.0,2,3,0,0,1,0,0,0,0,0,1,0,0,0,0,1,0,0,0,0,0,0
2,3,1.0,1,0,0,1,0,0,0,0,1,0,0,0,0,1,0,0,0,0,0,0,0,1
3,4,1.0,2,3,0,0,1,0,0,0,0,0,1,0,0,1,0,1,0,0,0,0,0,0
4,5,0.0,2,1,0,1,0,0,0,0,0,1,0,0,0,1,0,0,0,0,0,0,0,1
5,6,0.0,1,1,0,1,0,0,0,0,0,1,0,0,1,0,0,0,0,0,0,0,0,1
6,7,0.0,3,3,0,0,0,0,0,0,0,1,0,0,0,1,0,0,0,1,0,0,0,0
7,8,0.0,0,2,0,1,0,1,0,1,0,0,0,0,0,1,0,0,0,0,0,0,0,1
8,9,1.0,1,1,0,1,1,0,0,0,0,0,1,0,0,1,0,0,0,0,0,0,0,1
9,10,1.0,0,2,1,0,1,0,0,0,0,0,1,0,0,0,0,0,0,0,0,0,0,1
10,11,1.0,0,2,0,1,1,0,0,0,1,0,0,0,0,1,0,0,0,0,0,1,0,0
11,12,1.0,3,2,0,0,0,0,0,0,1,0,0,0,0,1,0,1,0,0,0,0,0,0
12,13,0.0,1,1,0,1,0,0,0,0,0,1,0,0,0,1,0,0,0,0,0,0,0,1
13,14,0.0,2,2,0,1,0,1,0,0,0,1,0,0,0,1,0,0,0,0,0,0,0,1
14,15,0.0,0,0,0,1,0,0,0,0,1,0,0,0,0,1,0,0,0,0,0,0,0,1
15,16,1.0,3,2,1,0,0,0,0,0,0,0,1,0,0,1,0,0,0,0,0,0,0,1
16,17,0.0,0,2,0,1,0,1,0,1,0,0,0,0,1,0,0,0,0,0,0,0,0,1
17,18,1.0,1,1,1,0,0,0,0,0,0,1,0,0,0,1,0,0,0,0,0,0,0,1
18,19,0.0,1,2,0,1,1,0,0,0,0,0,1,0,0,1,0,0,0,0,0,0,0,1
19,20,1.0,1,0,0,1,0,0,0,0,0,0,1,0,0,0,0,0,0,0,0,0,0,1
20,21,0.0,2,2,1,0,0,0,0,0,0,1,0,0,0,1,0,0,0,0,0,0,0,1
21,22,1.0,2,1,1,0,0,0,0,0,0,1,0,0,0,1,0,0,1,0,0,0,0,0
22,23,1.0,0,1,0,1,0,0,0,0,1,0,0,0,1,0,0,0,0,0,0,0,0,1
23,24,1.0,1,3,0,0,0,0,0,0,0,1,0,0,0,1,0,0,0,0,0,0,0,0
24,25,0.0,0,2,0,1,0,1,0,0,1,0,0,0,0,1,0,0,0,0,0,0,0,1
25,26,1.0,2,3,0,1,0,1,0,0,0,0,1,0,0,1,0,0,0,0,0,0,0,1
26,27,0.0,1,0,0,1,0,0,0,0,0,1,0,0,0,0,0,0,0,0,0,0,0,1
27,28,0.0,1,3,0,0,0,1,0,0,0,1,0,0,0,1,0,1,0,0,0,0,0,0
28,29,1.0,1,0,0,1,0,0,0,0,1,0,0,0,1,0,0,0,0,0,0,0,0,1
29,30,0.0,1,0,0,1,0,0,0,0,0,1,0,0,0,1,0,0,0,0,0,0,0,1
30,31,0.0,2,2,0,0,0,0,0,0,0,1,0,0,0,0,0,0,0,0,0,0,0,1
31,32,1.0,1,3,0,0,1,0,0,0,0,0,1,0,0,0,1,0,0,0,0,0,0,0
32,33,1.0,1,0,0,1,0,0,0,0,1,0,0,0,1,0,0,0,0,0,0,0,0,1
33,34,0.0,4,1,1,0,0,0,0,0,0,1,0,0,0,1,0,0,0,0,0,0,0,1
34,35,0.0,1,3,0,0,1,0,0,0,0,1,0,0,0,0,0,0,0,0,0,0,0,1
35,36,0.0,2,3,0,0,1,0,0,0,0,1,0,0,0,1,0,0,0,0,0,0,0,1
36,37,1.0,1,0,0,1,0,0,0,0,0,1,0,0,0,0,0,0,0,0,0,0,0,1
37,38,0.0,1,1,0,1,0,0,0,0,0,1,0,0,0,1,0,0,0,0,0,0,0,1
38,39,0.0,1,2,0,1,1,0,0,0,1,0,0,0,0,1,0,0,0,0,0,0,0,1
39,40,1.0,0,1,0,1,1,0,0,0,1,0,0,0,0,0,0,0,0,0,0,0,0,1
40,41,0.0,2,1,0,1,1,0,0,0,0,0,1,0,0,1,0,0,0,0,0,0,0,1
41,42,0.0,1,2,1,0,1,0,0,0,0,0,1,0,0,1,0,0,0,0,0,0,0,1
42,43,0.0,1,0,0,1,0,0,0,0,0,1,0,0,0,0,0,0,0,0,0,0,0,1
43,44,1.0,0,3,1,0,1,0,0,0,1,0,0,0,0,0,0,0,0,0,0,0,0,1
44,45,1.0,1,0,0,1,0,0,0,0,1,0,0,0,1,0,0,0,0,0,0,0,0,1
45,46,0.0,1,1,0,1,0,0,0,0,0,1,0,0,0,1,0,0,0,0,0,0,0,1
46,47,0.0,1,2,0,1,1,0,0,0,0,1,0,0,1,0,0,0,0,0,0,0,0,1
47,48,1.0,1,0,0,1,0,0,0,0,1,0,0,0,1,0,0,0,0,0,0,0,0,1
48,49,0.0,1,2,0,1,1,0,0,0,0,1,0,0,0,0,0,0,0,0,0,0,0,1
49,50,0.0,1,2,0,1,1,0,0,0,0,0,1,0,0,1,0,0,0,0,0,0,0,1
50,51,0.0,0,3,0,1,0,1,0,1,0,0,0,0,0,1,0,0,0,0,0,0,0,1
51,52,0.0,1,0,0,1,0,0,0,0,0,1,0,0,0,1,0,0,0,0,0,0,0,1
52,53,1.0,3,3,0,0,1,0,0,0,0,0,1,0,0,0,0,0,1,0,0,0,0,0
53,54,1.0,1,2,1,0,1,0,0,0,0,0,1,0,0,1,0,0,0,0,0,0,0,1
54,55,0.0,4,3,0,0,1,0,0,0,0,1,0,0,0,0,1,0,0,0,0,0,0,0
55,56,1.0,1,3,0,0,0,0,0,0,0,1,0,0,0,1,0,1,0,0,0,0,0,0
56,57,1.0,1,1,1,0,0,0,0,0,1,0,0,0,0,1,0,0,0,0,0,0,0,1
57,58,0.0,1,0,0,1,0,0,0,0,0,1,0,0,0,0,0,0,0,0,0,0,0,1
58,59,1.0,0,2,1,0,1,0,0,0,1,0,0,0,0,1,0,0,0,0,0,0,0,1
59,60,0.0,0,3,0,1,0,0,1,1,0,0,0,0,0,1,0,0,0,0,0,0,0,1
60,61,0.0,1,0,0,1,0,0,0,0,0,1,0,0,0,0,0,0,0,0,0,0,0,1
61,62,1.0,2,3,0,0,0,0,0,0,1,0,0,0,0,1,1,0,0,0,0,0,0,0
62,63,0.0,2,3,0,0,1,0,0,0,0,1,0,0,0,1,0,1,0,0,0,0,0,0
63,64,0.0,0,2,0,1,0,1,0,1,0,0,0,0,0,1,0,0,0,0,0,0,0,1
64,65,0.0,1,2,0,0,0,0,0,0,0,1,0,0,0,0,0,0,0,0,0,0,0,1
65,66,1.0,1,2,0,1,1,0,0,1,0,0,0,0,0,0,0,0,0,0,0,0,0,1
66,67,1.0,1,1,1,0,0,0,0,0,0,0,1,0,0,1,0,0,0,0,1,0,0,0
67,68,0.0,1,1,0,1,0,0,0,0,0,1,0,0,0,1,0,0,0,0,0,0,0,1
68,69,1.0,1,0,0,1,0,1,0,0,1,0,0,0,0,1,0,0,0,0,0,0,0,1
69,70,0.0,1,1,0,1,1,0,0,0,0,1,0,0,0,1,0,0,0,0,0,0,0,1
70,71,0.0,1,1,1,0,0,0,0,0,0,1,0,0,0,1,0,0,0,0,0,0,0,1
71,72,0.0,0,3,0,1,0,0,1,0,1,0,0,0,0,1,0,0,0,0,0,0,0,1
72,73,0.0,1,3,1,0,0,0,0,0,0,1,0,0,0,1,0,0,0,0,0,0,0,1
73,74,0.0,1,1,0,1,1,0,0,0,0,1,0,0,0,0,0,0,0,0,0,0,0,1
74,75,1.0,1,3,0,1,0,0,0,0,0,1,0,0,0,1,0,0,0,0,0,0,0,1
75,76,0.0,1,0,0,1,0,0,0,0,0,1,0,0,0,1,0,0,0,0,1,0,0,0
76,77,0.0,1,0,0,1,0,0,0,0,0,1,0,0,0,1,0,0,0,0,0,0,0,1
77,78,0.0,1,1,0,1,0,0,0,0,0,1,0,0,0,1,0,0,0,0,0,0,0,1
78,79,1.0,0,2,1,0,1,0,0,1,0,0,0,0,0,1,0,0,0,0,0,0,0,1
79,80,1.0,1,1,0,1,0,0,0,0,1,0,0,0,0,1,0,0,0,0,0,0,0,1
80,81,0.0,1,1,0,1,0,0,0,0,0,1,0,0,0,1,0,0,0,0,0,0,0,1
81,82,1.0,1,1,0,1,0,0,0,0,0,1,0,0,0,1,0,0,0,0,0,0,0,1
82,83,1.0,1,0,0,1,0,0,0,0,1,0,0,0,1,0,0,0,0,0,0,0,0,1
83,84,0.0,1,3,0,0,0,0,0,0,0,1,0,0,0,1,0,0,0,0,0,0,0,1
84,85,1.0,1,1,1,0,0,0,0,0,1,0,0,0,0,1,0,0,0,0,0,0,0,1
85,86,1.0,2,2,0,1,1,0,0,0,0,0,1,0,0,1,0,0,0,0,0,0,0,1
86,87,0.0,0,3,0,1,0,1,0,0,0,1,0,0,0,1,0,0,0,0,0,0,0,1
87,88,0.0,1,1,0,1,0,0,0,0,0,1,0,0,0,1,0,0,0,0,0,0,0,1
88,89,1.0,1,3,0,0,0,1,0,0,1,0,0,0,0,1,0,1,0,0,0,0,0,0
89,90,0.0,1,1,0,1,0,0,0,0,0,1,0,0,0,1,0,0,0,0,0,0,0,1
90,91,0.0,1,1,0,1,0,0,0,0,0,1,0,0,0,1,0,0,0,0,0,0,0,1
91,92,0.0,1,0,0,1,0,0,0,0,0,1,0,0,0,1,0,0,0,0,0,0,0,1
92,93,0.0,2,3,0,0,1,0,0,0,0,1,0,0,0,1,0,0,0,1,0,0,0,0
93,94,0.0,1,2,0,1,1,0,0,0,0,1,0,0,0,1,0,0,0,0,0,0,0,1
94,95,0.0,3,0,0,1,0,0,0,0,0,1,0,0,0,1,0,0,0,0,0,0,0,1
95,96,0.0,1,1,0,1,0,0,0,0,0,1,0,0,0,1,0,0,0,0,0,0,0,1
96,97,0.0,4,3,0,0,0,0,0,0,0,1,0,0,0,0,0,0,0,0,0,0,0,0
97,98,1.0,1,3,0,0,1,0,0,0,0,1,0,0,0,0,0,0,1,0,0,0,0,0
98,99,1.0,2,2,1,0,1,0,0,0,0,0,1,0,0,1,0,0,0,0,0,0,0,1
99,100,0.0,2,2,1,0,1,0,0,0,0,1,0,0,0,1,0,0,0,0,0,0,0,1
100,101,0.0,1,0,0,1,0,0,0,0,1,0,0,0,0,1,0,0,0,0,0,0,0,1
101,102,0.0,1,0,0,1,0,0,0,0,0,1,0,0,0,1,0,0,0,0,0,0,0,1
102,103,0.0,1,3,0,0,1,0,0,0,0,1,0,0,0,1,0,0,1,0,0,0,0,0
103,104,0.0,2,1,0,1,0,0,0,0,0,1,0,0,0,1,0,0,0,0,0,0,0,1
104,105,0.0,2,0,0,1,1,0,0,0,0,1,0,0,0,1,0,0,0,0,0,0,0,1
105,106,0.0,1,0,0,1,0,0,0,0,0,1,0,0,0,1,0,0,0,0,0,0,0,1
106,107,1.0,1,0,0,1,0,0,0,0,1,0,0,0,0,1,0,0,0,0,0,0,0,1
107,108,1.0,1,0,0,1,0,0,0,0,0,1,0,0,0,1,0,0,0,0,0,0,0,1
108,109,0.0,2,0,0,1,0,0,0,0,0,1,0,0,0,1,0,0,0,0,0,0,0,1
109,110,1.0,1,2,0,1,1,0,0,0,1,0,0,0,1,0,0,0,0,0,0,0,0,1
110,111,0.0,2,3,0,0,0,0,0,0,0,1,0,0,0,1,0,1,0,0,0,0,0,0
111,112,0.0,0,1,0,1,1,0,0,0,1,0,0,0,0,0,0,0,0,0,0,0,0,1
112,113,0.0,1,1,0,1,0,0,0,0,0,1,0,0,0,1,0,0,0,0,0,0,0,1
113,114,0.0,1,1,0,1,1,0,0,0,1,0,0,0,0,1,0,0,0,0,0,0,0,1
114,115,0.0,1,1,0,1,0,0,0,0,1,0,0,0,0,0,0,0,0,0,0,0,0,1
115,116,0.0,1,0,0,1,0,0,0,0,0,1,0,0,0,1,0,0,0,0,0,0,0,1
116,117,0.0,4,0,0,1,0,0,0,0,0,1,0,0,1,0,0,0,0,0,0,0,0,1
117,118,0.0,1,2,1,0,1,0,0,0,0,1,0,0,0,1,0,0,0,0,0,0,0,1
118,119,0.0,1,3,0,0,1,0,0,0,0,1,0,0,0,0,1,0,0,0,0,0,0,0
119,120,0.0,0,2,0,1,0,1,0,0,1,0,0,0,0,1,0,0,0,0,0,0,0,1
120,121,0.0,1,3,1,0,1,0,0,0,0,1,0,0,0,1,0,0,0,0,0,0,0,1
121,122,0.0,1,1,0,1,0,0,0,0,0,1,0,0,0,1,0,0,0,0,0,0,0,1
122,123,0.0,2,2,1,0,1,0,0,0,0,1,0,0,0,0,0,0,0,0,0,0,0,1
123,124,1.0,2,1,1,0,0,0,0,0,1,0,0,0,0,1,0,0,0,1,0,0,0,0
124,125,0.0,3,3,0,0,1,0,0,0,0,1,0,0,0,1,0,0,1,0,0,0,0,0
125,126,1.0,0,1,0,1,1,0,0,1,0,0,0,0,0,0,0,0,0,0,0,0,0,1
126,127,0.0,1,0,0,1,0,0,0,0,0,1,0,0,1,0,0,0,0,0,0,0,0,1
127,128,1.0,1,0,0,1,0,0,0,0,0,1,0,0,0,1,0,0,0,0,0,0,0,1
128,129,1.0,1,2,0,1,1,0,0,0,1,0,0,0,0,0,0,0,0,0,1,0,0,0
129,130,0.0,2,0,0,1,0,0,0,0,0,1,0,0,0,1,0,0,0,0,0,0,0,1
130,131,0.0,2,0,0,1,0,0,0,0,0,1,0,0,0,0,0,0,0,0,0,0,0,1
131,132,0.0,1,0,0,1,0,0,0,0,0,1,0,0,0,1,0,0,0,0,0,0,0,1
132,133,0.0,2,1,0,1,1,0,0,0,0,0,1,0,0,1,0,0,0,0,0,0,0,1
133,134,1.0,1,2,1,0,1,0,0,0,0,0,1,0,0,1,0,0,0,0,0,0,0,1
134,135,0.0,1,1,1,0,0,0,0,0,0,1,0,0,0,1,0,0,0,0,0,0,0,1
135,136,0.0,1,2,1,0,0,0,0,0,0,1,0,0,0,0,0,0,0,0,0,0,0,1
136,137,1.0,1,2,0,0,1,0,0,0,1,0,0,0,0,1,0,0,1,0,0,0,0,0
137,138,0.0,2,3,0,0,1,0,0,0,0,1,0,0,0,1,0,1,0,0,0,0,0,0
138,139,0.0,0,1,0,1,0,0,0,0,0,1,0,0,0,1,0,0,0,0,0,0,0,1
139,140,0.0,1,3,0,0,0,0,0,0,0,1,0,0,0,0,1,0,0,0,0,0,0,0
140,141,0.0,1,2,0,1,1,0,0,0,0,0,1,0,0,0,0,0,0,0,0,0,0,1
141,142,1.0,1,0,0,1,0,0,0,0,1,0,0,0,0,1,0,0,0,0,0,0,0,1
142,143,1.0,1,2,0,1,1,0,0,0,0,0,1,0,0,1,0,0,0,0,0,0,0,1
143,144,0.0,1,0,0,1,0,0,0,0,0,1,0,0,1,0,0,0,0,0,0,0,0,1
144,145,0.0,1,1,1,0,0,0,0,0,0,1,0,0,0,1,0,0,0,0,0,0,0,1
145,146,0.0,1,3,1,0,1,0,0,0,0,1,0,0,0,1,0,0,0,0,0,0,0,1
146,147,1.0,1,0,0,1,0,0,0,0,0,1,0,0,0,1,0,0,0,0,0,0,0,1
147,148,0.0,0,3,0,1,0,1,0,0,1,0,0,0,0,1,0,0,0,0,0,0,0,1
148,149,0.0,2,2,1,0,1,0,0,0,0,1,0,0,0,1,0,0,0,0,1,0,0,0
149,150,0.0,2,1,1,0,0,0,0,0,0,0,0,1,0,1,0,0,0,0,0,0,0,1
150,151,0.0,3,1,1,0,0,0,0,0,0,0,0,1,0,1,0,0,0,0,0,0,0,1
151,152,1.0,1,3,0,0,1,0,0,0,0,0,1,0,0,1,0,1,0,0,0,0,0,0
152,153,0.0,3,1,0,1,0,0,0,0,0,1,0,0,0,1,0,0,0,0,0,0,0,1
153,154,0.0,2,1,0,1,1,0,0,0,0,1,0,0,0,1,0,0,0,0,0,0,0,1
154,155,0.0,1,0,0,1,0,0,0,0,0,1,0,0,0,1,0,0,0,0,0,0,0,1
155,156,0.0,3,3,0,0,1,0,0,0,0,1,0,0,0,0,0,0,0,0,0,0,0,1
156,157,1.0,0,0,0,1,0,0,0,0,1,0,0,0,1,0,0,0,0,0,0,0,0,1
157,158,0.0,1,1,0,1,0,0,0,0,0,1,0,0,0,1,0,0,0,0,0,0,0,1
158,159,0.0,1,1,0,1,0,0,0,0,0,1,0,0,0,1,0,0,0,0,0,0,0,1
159,160,0.0,1,3,0,1,0,0,1,1,0,0,0,0,0,1,0,0,0,0,0,0,0,1
160,161,0.0,2,2,0,1,1,0,0,0,0,1,0,0,0,1,0,0,0,0,0,0,0,1
161,162,1.0,2,2,1,0,0,0,0,0,0,0,1,0,0,1,0,0,0,0,0,0,0,1
162,163,0.0,1,0,0,1,0,0,0,0,0,1,0,0,0,1,0,0,0,0,0,0,0,1
163,164,0.0,1,1,0,1,0,0,0,0,0,1,0,0,0,1,0,0,0,0,0,0,0,1
164,165,0.0,0,3,0,1,0,1,0,1,0,0,0,0,0,1,0,0,0,0,0,0,0,1
165,166,1.0,0,2,0,1,1,0,0,1,0,0,0,0,0,1,0,0,0,0,0,0,0,1
166,167,1.0,1,3,0,0,1,0,0,0,0,0,1,0,0,1,0,0,0,1,0,0,0,0
167,168,0.0,2,2,0,1,0,1,0,0,0,0,1,0,0,1,0,0,0,0,0,0,0,1
168,169,0.0,1,2,0,0,0,0,0,0,0,1,0,0,0,1,0,0,0,0,0,0,0,1
169,170,0.0,1,3,0,1,0,0,0,0,0,1,0,0,0,1,0,0,0,0,0,0,0,1
170,171,0.0,3,3,0,0,0,0,0,0,0,1,0,0,0,1,1,0,0,0,0,0,0,0
171,172,0.0,0,2,0,1,0,1,0,1,0,0,0,0,1,0,0,0,0,0,0,0,0,1
172,173,1.0,0,1,0,1,1,0,0,0,1,0,0,0,0,1,0,0,0,0,0,0,0,1
173,174,0.0,1,0,0,1,0,0,0,0,0,1,0,0,0,1,0,0,0,0,0,0,0,1
174,175,0.0,3,2,0,0,0,0,0,0,0,1,0,0,0,0,0,0,0,0,0,0,0,0
175,176,0.0,1,0,0,1,1,0,0,0,0,1,0,0,0,1,0,0,0,0,0,0,0,1
176,177,0.0,1,2,0,1,0,1,0,1,0,0,0,0,0,1,0,0,0,0,0,0,0,1
177,178,0.0,3,2,0,0,0,0,0,0,1,0,0,0,0,0,0,1,0,0,0,0,0,0
178,179,0.0,1,1,1,0,0,0,0,0,0,1,0,0,0,1,0,0,0,0,0,0,0,1
179,180,0.0,2,1,0,1,0,0,0,0,0,1,0,0,0,1,0,0,0,0,0,0,0,1
180,181,0.0,1,3,0,1,0,0,1,0,1,0,0,0,0,1,0,0,0,0,0,0,0,1
181,182,0.0,1,2,1,0,0,0,0,0,0,1,0,0,0,0,0,0,0,0,0,0,0,1
182,183,0.0,0,3,0,1,0,1,0,1,0,0,0,0,0,1,0,0,0,0,0,0,0,1
183,184,1.0,0,3,1,0,1,0,0,1,0,0,0,0,0,1,0,0,0,0,1,0,0,0
184,185,1.0,0,2,0,1,1,0,0,0,1,0,0,0,0,1,0,0,0,0,0,0,0,1
185,186,0.0,1,3,0,0,0,0,0,0,0,1,0,0,0,1,0,0,0,0,0,0,0,0
186,187,1.0,1,2,0,1,1,0,0,0,0,0,1,0,1,0,0,0,0,0,0,0,0,1
187,188,1.0,2,2,0,0,0,0,0,0,0,1,0,0,0,1,0,0,0,0,0,0,0,1
188,189,0.0,2,2,0,1,1,0,0,0,0,1,0,0,1,0,0,0,0,0,0,0,0,1
189,190,0.0,2,0,0,1,0,0,0,0,0,1,0,0,0,1,0,0,0,0,0,0,0,1
190,191,1.0,1,1,1,0,0,0,0,0,0,0,1,0,0,1,0,0,0,0,0,0,0,1
191,192,0.0,1,1,1,0,0,0,0,0,0,1,0,0,0,1,0,0,0,0,0,0,0,1
192,193,1.0,1,0,0,1,1,0,0,0,1,0,0,0,0,1,0,0,0,0,0,0,0,1
193,194,1.0,0,2,1,0,1,0,0,1,0,0,0,0,0,1,0,0,0,0,1,0,0,0
194,195,1.0,2,2,0,0,0,0,0,0,0,0,1,0,0,0,1,0,0,0,0,0,0,0
195,196,1.0,3,3,0,0,0,0,0,0,1,0,0,0,0,0,1,0,0,0,0,0,0,0
196,197,0.0,1,0,0,1,0,0,0,0,0,1,0,0,1,0,0,0,0,0,0,0,0,1
197,198,0.0,2,1,0,1,1,0,0,0,0,1,0,0,0,1,0,0,0,0,0,0,0,1
198,199,1.0,1,0,0,1,0,0,0,0,1,0,0,0,1,0,0,0,0,0,0,0,0,1
199,200,0.0,1,1,1,0,0,0,0,0,1,0,0,0,0,1,0,0,0,0,0,0,0,1
200,201,0.0,1,1,0,1,0,0,0,0,0,1,0,0,0,1,0,0,0,0,0,0,0,1
201,202,0.0,1,3,0,1,0,0,1,0,0,1,0,0,0,1,0,0,0,0,0,0,0,1
202,203,0.0,2,0,0,1,0,0,0,0,0,1,0,0,0,1,0,0,0,0,0,0,0,1
203,204,0.0,2,0,0,1,0,0,0,0,0,1,0,0,0,0,0,0,0,0,0,0,0,1
204,205,1.0,1,1,0,1,0,0,0,0,0,1,0,0,0,1,0,0,0,0,0,0,0,1
205,206,0.0,0,1,0,1,1,0,0,0,1,0,0,0,0,1,0,0,0,0,0,1,0,0
206,207,0.0,1,2,0,1,1,0,0,0,0,1,0,0,0,1,0,0,0,0,0,0,0,1
207,208,1.0,1,2,0,1,0,0,0,0,0,1,0,0,0,0,0,0,0,0,0,0,0,1
208,209,1.0,0,0,0,1,0,0,0,0,1,0,0,0,1,0,0,0,0,0,0,0,0,1
209,210,1.0,2,2,0,0,0,0,0,0,0,1,0,0,0,0,0,0,0,0,0,0,0,0
210,211,0.0,1,0,0,1,0,0,0,0,0,1,0,0,0,1,0,0,0,0,0,0,0,1
211,212,1.0,2,2,1,0,0,0,0,0,1,0,0,0,0,1,0,0,0,0,0,0,0,1
212,213,0.0,1,0,0,1,0,0,0,0,0,1,0,0,0,1,0,0,0,0,0,0,0,1
213,214,0.0,1,1,1,0,0,0,0,0,0,1,0,0,0,1,0,0,0,0,0,0,0,1
214,215,0.0,1,0,0,1,1,0,0,0,0,1,0,0,1,0,0,0,0,0,0,0,0,1
215,216,1.0,1,3,0,0,1,0,0,0,1,0,0,0,0,0,0,0,1,0,0,0,0,0
216,217,1.0,1,0,0,1,0,0,0,0,1,0,0,0,0,1,0,0,0,0,0,0,0,1
217,218,0.0,2,2,1,0,1,0,0,0,0,1,0,0,0,1,0,0,0,0,0,0,0,1
218,219,1.0,1,3,0,0,0,0,0,0,1,0,0,0,0,0,0,0,1,0,0,0,0,0
219,220,0.0,1,1,1,0,0,0,0,0,0,1,0,0,0,1,0,0,0,0,0,0,0,1
220,221,1.0,0,1,0,1,0,0,0,0,0,1,0,0,0,1,0,0,0,0,0,0,0,1
221,222,0.0,1,1,1,0,0,0,0,0,0,1,0,0,0,1,0,0,0,0,0,0,0,1
222,223,0.0,3,1,0,1,0,0,0,0,0,1,0,0,0,1,0,0,0,0,0,0,0,1
223,224,0.0,1,0,0,1,0,0,0,0,0,1,0,0,0,1,0,0,0,0,0,0,0,1
224,225,1.0,2,3,0,0,1,0,0,0,0,1,0,0,0,1,0,1,0,0,0,0,0,0
225,226,0.0,1,1,0,1,0,0,0,0,0,1,0,0,0,1,0,0,0,0,0,0,0,1
226,227,1.0,1,1,1,0,0,0,0,0,0,1,0,0,0,1,0,0,0,0,0,0,0,1
227,228,0.0,1,0,0,1,0,0,0,0,0,1,0,0,0,1,0,0,0,0,0,0,0,1
228,229,0.0,1,1,1,0,0,0,0,0,0,1,0,0,0,1,0,0,0,0,0,0,0,1
229,230,0.0,1,2,0,1,0,1,0,0,1,0,0,0,0,1,0,0,0,0,0,0,0,1
230,231,1.0,2,3,0,0,1,0,0,0,0,0,1,0,0,1,0,1,0,0,0,0,0,0
231,232,0.0,1,0,0,1,0,0,0,0,0,1,0,0,0,1,0,0,0,0,0,0,0,1
232,233,0.0,3,1,1,0,0,0,0,0,0,1,0,0,0,1,0,0,0,0,0,0,0,1
233,234,1.0,0,3,0,1,0,1,0,0,1,0,0,0,0,1,0,0,0,0,0,0,0,1
234,235,0.0,1,1,1,0,0,0,0,0,0,1,0,0,0,1,0,0,0,0,0,0,0,1
235,236,0.0,1,0,0,1,0,0,0,0,1,0,0,0,0,1,0,0,0,0,0,0,0,1
236,237,0.0,2,2,1,0,1,0,0,0,0,1,0,0,0,1,0,0,0,0,0,0,0,1
237,238,1.0,0,2,1,0,1,0,0,0,1,0,0,0,0,1,0,0,0,0,0,0,0,1
238,239,0.0,1,1,1,0,0,0,0,0,0,1,0,0,0,1,0,0,0,0,0,0,0,1
239,240,0.0,2,1,1,0,0,0,0,0,0,1,0,0,0,1,0,0,0,0,0,0,0,1
240,241,0.0,1,1,0,1,1,0,0,0,1,0,0,0,0,0,0,0,0,0,0,0,0,1
241,242,1.0,1,2,0,1,1,0,0,0,1,0,0,0,1,0,0,0,0,0,0,0,0,1
242,243,0.0,1,1,1,0,0,0,0,0,0,1,0,0,0,1,0,0,0,0,0,0,0,1
243,244,0.0,1,0,0,1,0,0,0,0,0,1,0,0,0,1,0,0,0,0,0,0,0,1
244,245,0.0,1,0,0,1,0,0,0,0,0,1,0,0,0,0,0,0,0,0,0,0,0,1
245,246,0.0,2,3,0,0,1,0,0,0,0,0,0,0,1,0,0,1,0,0,0,0,0,0
246,247,0.0,1,0,0,1,0,0,0,0,1,0,0,0,0,1,0,0,0,0,0,0,0,1
247,248,1.0,1,1,1,0,1,0,0,0,0,0,1,0,0,1,0,0,0,0,0,0,0,1
248,249,1.0,2,3,0,0,1,0,0,0,0,1,0,0,0,1,0,0,1,0,0,0,0,0
249,250,0.0,3,2,1,0,1,0,0,0,0,0,0,1,0,1,0,0,0,0,0,0,0,1
250,251,0.0,1,0,0,1,0,0,0,0,0,1,0,0,0,1,0,0,0,0,0,0,0,1
251,252,0.0,1,1,0,1,1,0,0,0,0,0,1,0,0,1,0,0,0,0,0,1,0,0
252,253,0.0,3,2,0,0,0,0,0,0,0,1,0,0,0,1,0,1,0,0,0,0,0,0
253,254,0.0,1,2,0,1,1,0,0,0,0,1,0,0,0,1,0,0,0,0,0,0,0,1
254,255,0.0,2,2,0,1,1,0,0,0,0,0,1,0,0,1,0,0,0,0,0,0,0,1
255,256,1.0,1,2,0,1,1,0,0,0,0,0,1,0,0,0,0,0,0,0,0,0,0,1
256,257,1.0,1,3,0,0,0,0,0,0,0,0,1,0,0,0,0,0,0,0,0,0,0,1
257,258,1.0,1,3,0,0,0,0,0,0,1,0,0,0,0,1,1,0,0,0,0,0,0,0
258,259,1.0,2,3,0,0,0,0,0,0,1,0,0,0,0,0,0,0,0,0,0,0,0,1
259,260,1.0,3,2,1,0,1,0,0,0,0,0,1,0,0,1,0,0,0,0,0,0,0,1
260,261,0.0,1,0,0,1,0,0,0,0,0,1,0,0,1,0,0,0,0,0,0,0,0,1
261,262,1.0,0,3,0,1,0,1,0,1,0,0,0,0,0,1,0,0,0,0,0,0,0,1
262,263,0.0,3,3,0,0,1,0,0,0,0,1,0,0,0,1,0,0,0,1,0,0,0,0
263,264,0.0,2,1,0,0,0,0,0,0,0,1,0,0,0,1,1,0,0,0,0,0,0,0
264,265,0.0,1,0,0,1,0,0,0,0,1,0,0,0,1,0,0,0,0,0,0,0,0,1
265,266,0.0,2,1,1,0,0,0,0,0,0,1,0,0,0,1,0,0,0,0,0,0,0,1
266,267,0.0,0,3,0,1,0,1,0,0,0,1,0,0,0,1,0,0,0,0,0,0,0,1
267,268,1.0,1,0,0,1,1,0,0,0,0,1,0,0,0,1,0,0,0,0,0,0,0,1
268,269,1.0,3,3,0,0,1,0,0,0,0,0,1,0,0,1,0,1,0,0,0,0,0,0
269,270,1.0,2,3,0,0,0,0,0,0,1,0,0,0,0,1,0,1,0,0,0,0,0,0
270,271,0.0,1,2,0,0,0,0,0,0,0,1,0,0,0,1,0,0,0,0,0,0,0,1
271,272,1.0,1,1,0,1,0,0,0,0,0,1,0,0,0,1,0,0,0,0,0,0,0,1
272,273,1.0,2,2,1,0,1,0,0,0,0,0,1,0,0,1,0,0,0,0,0,0,0,1
273,274,0.0,2,2,0,0,1,0,0,0,0,1,0,0,0,0,0,1,0,0,0,0,0,0
274,275,1.0,1,0,0,1,0,0,0,0,1,0,0,0,1,0,0,0,0,0,0,0,0,1
275,276,1.0,3,3,0,0,1,0,0,0,1,0,0,0,0,1,0,0,1,0,0,0,0,0
276,277,0.0,2,0,0,1,0,0,0,0,1,0,0,0,0,1,0,0,0,0,0,0,0,1
277,278,0.0,1,1,1,0,0,0,0,0,0,1,0,0,0,1,0,0,0,0,0,0,0,1
278,279,0.0,0,2,0,1,0,1,0,1,0,0,0,0,1,0,0,0,0,0,0,0,0,1
279,280,1.0,2,2,0,1,1,0,0,0,0,0,1,0,0,1,0,0,0,0,0,0,0,1
280,281,0.0,4,0,0,1,0,0,0,0,0,1,0,0,1,0,0,0,0,0,0,0,0,1
281,282,0.0,1,0,0,1,0,0,0,0,0,1,0,0,0,1,0,0,0,0,0,0,0,1
282,283,0.0,0,1,0,1,0,0,0,0,0,1,0,0,0,1,0,0,0,0,0,0,0,1
283,284,1.0,1,1,0,1,0,0,0,0,0,1,0,0,0,1,0,0,0,0,0,0,0,1
284,285,0.0,1,2,0,0,0,0,0,0,0,1,0,0,0,1,0,0,0,0,0,0,0,0
285,286,0.0,2,1,0,1,0,0,0,0,0,1,0,0,0,0,0,0,0,0,0,0,0,1
286,287,1.0,1,1,0,1,0,0,0,0,0,1,0,0,0,1,0,0,0,0,0,0,0,1
287,288,0.0,1,0,0,1,0,0,0,0,0,1,0,0,0,1,0,0,0,0,0,0,0,1
288,289,1.0,2,1,1,0,0,0,0,0,0,1,0,0,0,1,0,0,0,0,0,0,0,1
289,290,1.0,1,0,0,1,0,0,0,0,1,0,0,0,1,0,0,0,0,0,0,0,0,1
290,291,1.0,1,3,0,0,0,0,0,0,1,0,0,0,0,1,0,0,0,0,0,0,0,1
291,292,1.0,1,3,0,0,1,0,0,0,0,0,1,0,0,0,1,0,0,0,0,0,0,0
292,293,0.0,2,1,1,0,0,0,0,0,0,1,0,0,0,0,0,0,1,0,0,0,0,0
293,294,0.0,1,1,0,1,0,0,0,0,1,0,0,0,0,1,0,0,0,0,0,0,0,1
294,295,0.0,1,0,0,1,0,0,0,0,0,1,0,0,0,1,0,0,0,0,0,0,0,1
295,296,0.0,1,2,0,0,0,0,0,0,0,1,0,0,0,0,0,0,0,0,0,0,0,1
296,297,0.0,1,0,0,1,0,0,0,0,0,1,0,0,0,0,0,0,0,0,0,0,0,1
297,298,0.0,0,3,0,0,1,0,0,0,1,0,0,0,0,1,0,1,0,0,0,0,0,0
298,299,1.0,1,2,0,0,0,0,0,0,0,1,0,0,0,1,0,1,0,0,0,0,0,0
299,300,1.0,3,3,0,0,1,0,0,0,0,0,1,0,0,0,1,0,0,0,0,0,0,0
300,301,1.0,1,0,0,1,0,0,0,0,1,0,0,0,1,0,0,0,0,0,0,0,0,1
301,302,1.0,1,2,0,1,1,0,0,0,0,1,0,0,1,0,0,0,0,0,0,0,0,1
302,303,0.0,1,1,0,1,0,0,0,0,0,1,0,0,0,1,0,0,0,0,0,0,0,1
303,304,1.0,1,1,1,0,0,0,0,0,1,0,0,0,1,0,0,0,0,1,0,0,0,0
304,305,0.0,1,1,0,1,0,0,0,0,0,1,0,0,0,1,0,0,0,0,0,0,0,1
305,306,1.0,0,3,0,0,1,0,0,1,0,0,0,0,0,1,0,1,0,0,0,0,0,0
306,307,1.0,1,3,0,0,0,0,0,0,1,0,0,0,0,0,0,0,0,0,0,0,0,1
307,308,1.0,1,3,0,0,1,0,0,0,0,0,1,0,0,0,0,1,0,0,0,0,0,0
308,309,0.0,1,2,1,0,1,0,0,0,0,1,0,0,0,0,0,0,0,0,0,0,0,1
309,310,1.0,1,3,0,0,0,0,0,0,1,0,0,0,0,0,0,0,0,1,0,0,0,0
310,311,1.0,1,3,0,0,0,0,0,0,1,0,0,0,0,0,0,1,0,0,0,0,0,0
311,312,1.0,1,3,0,0,0,1,0,0,1,0,0,0,0,0,1,0,0,0,0,0,0,0
312,313,0.0,1,2,1,0,1,0,0,0,0,0,1,0,0,1,0,0,0,0,0,0,0,1
313,314,0.0,1,0,0,1,0,0,0,0,0,1,0,0,0,1,0,0,0,0,0,0,0,1
314,315,0.0,2,2,1,0,1,0,0,0,0,1,0,0,0,1,0,0,0,0,0,0,0,1
315,316,1.0,1,0,0,1,0,0,0,0,1,0,0,0,0,1,0,0,0,0,0,0,0,1
316,317,1.0,1,2,1,0,1,0,0,0,0,0,1,0,0,1,0,0,0,0,0,0,0,1
317,318,0.0,3,1,1,0,0,0,0,0,0,0,0,0,0,1,0,0,0,0,0,0,0,1
318,319,1.0,1,3,0,0,1,0,0,0,1,0,0,0,0,1,0,1,0,0,0,0,0,0
319,320,1.0,2,3,0,0,1,0,0,0,0,0,1,0,0,0,0,0,0,1,0,0,0,0
320,321,0.0,1,0,0,1,0,0,0,0,0,1,0,0,0,1,0,0,0,0,0,0,0,1
321,322,0.0,1,0,0,1,0,0,0,0,0,1,0,0,0,1,0,0,0,0,0,0,0,1
322,323,1.0,1,1,1,0,0,0,0,0,1,0,0,0,1,0,0,0,0,0,0,0,0,1
323,324,1.0,1,2,1,0,1,0,0,0,0,0,1,0,0,1,0,0,0,0,0,0,0,1
324,325,0.0,1,3,0,1,0,0,1,0,0,1,0,0,0,1,0,0,0,0,0,0,0,1
325,326,1.0,2,3,0,0,0,0,0,0,1,0,0,0,0,0,0,1,0,0,0,0,0,0
326,327,0.0,3,0,0,1,0,0,0,0,0,1,0,0,0,1,0,0,0,0,0,0,0,1
327,328,1.0,2,1,1,0,0,0,0,0,0,0,1,0,0,1,0,0,1,0,0,0,0,0
328,329,1.0,1,2,0,1,1,0,0,0,0,0,1,0,0,1,0,0,0,0,0,0,0,1
329,330,1.0,0,3,0,0,1,0,0,0,1,0,0,0,0,0,1,0,0,0,0,0,0,0
330,331,1.0,1,2,0,1,1,0,0,0,1,0,0,0,1,0,0,0,0,0,0,0,0,1
331,332,0.0,2,2,0,0,0,0,0,0,0,1,0,0,0,1,0,1,0,0,0,0,0,0
332,333,0.0,2,3,0,0,1,0,0,0,0,1,0,0,0,1,0,1,0,0,0,0,0,0
333,334,0.0,0,2,0,1,1,0,0,0,0,1,0,0,0,1,0,0,0,0,0,0,0,1
334,335,1.0,1,3,0,0,1,0,0,0,0,0,1,0,0,1,0,0,0,0,0,0,0,1
335,336,0.0,1,0,0,1,0,0,0,0,0,1,0,0,0,1,0,0,0,0,0,0,0,1
336,337,0.0,1,3,0,0,1,0,0,0,0,1,0,0,0,1,0,1,0,0,0,0,0,0
337,338,1.0,2,3,0,0,0,0,0,0,1,0,0,0,0,0,0,0,0,1,0,0,0,0
338,339,1.0,2,1,0,1,0,0,0,0,0,1,0,0,0,1,0,0,0,0,0,0,0,1
339,340,0.0,2,3,0,0,0,0,0,0,0,1,0,0,0,1,0,0,0,0,0,0,1,0
340,341,1.0,0,2,1,0,1,0,0,1,0,0,0,0,0,1,0,0,0,0,1,0,0,0
341,342,1.0,1,3,0,0,0,1,0,0,1,0,0,0,0,1,0,1,0,0,0,0,0,0
342,343,0.0,1,1,1,0,0,0,0,0,0,1,0,0,0,1,0,0,0,0,0,0,0,1
343,344,0.0,1,1,1,0,0,0,0,0,0,1,0,0,0,1,0,0,0,0,0,0,0,1
344,345,0.0,2,1,1,0,0,0,0,0,0,1,0,0,0,1,0,0,0,0,0,0,0,1
345,346,1.0,1,1,1,0,0,0,0,0,1,0,0,0,0,1,0,0,0,0,1,0,0,0
346,347,1.0,2,1,1,0,0,0,0,0,1,0,0,0,0,1,0,0,0,0,0,0,0,1
347,348,1.0,1,2,0,1,1,0,0,0,0,0,1,0,0,1,0,0,0,0,0,0,0,1
348,349,1.0,0,2,0,1,1,0,0,1,0,0,0,0,0,1,0,0,0,0,0,0,0,1
349,350,0.0,2,1,0,1,0,0,0,0,0,1,0,0,0,1,0,0,0,0,0,0,0,1
350,351,0.0,1,1,0,1,0,0,0,0,0,1,0,0,0,1,0,0,0,0,0,0,0,1
351,352,0.0,1,3,0,0,0,0,0,0,0,1,0,0,0,1,0,1,0,0,0,0,0,0
352,353,0.0,0,0,0,1,1,0,0,0,0,1,0,0,0,0,0,0,0,0,0,0,0,1
353,354,0.0,1,2,0,1,1,0,0,0,0,1,0,0,0,1,0,0,0,0,0,0,0,1
354,355,0.0,1,0,0,1,0,0,0,0,0,1,0,0,0,0,0,0,0,0,0,0,0,1
355,356,0.0,1,1,0,1,0,0,0,0,0,1,0,0,0,1,0,0,0,0,0,0,0,1
356,357,1.0,1,3,0,0,1,0,0,0,1,0,0,0,0,1,0,0,0,1,0,0,0,0
357,358,0.0,2,1,1,0,0,0,0,0,1,0,0,0,0,1,0,0,0,0,0,0,0,1
358,359,1.0,1,0,0,1,0,0,0,0,1,0,0,0,1,0,0,0,0,0,0,0,0,1
359,360,1.0,1,0,0,1,0,0,0,0,1,0,0,0,1,0,0,0,0,0,0,0,0,1
360,361,0.0,2,2,0,1,0,1,0,0,0,1,0,0,0,1,0,0,0,0,0,0,0,1
361,362,0.0,1,2,1,0,1,0,0,0,0,1,0,0,0,0,0,0,0,0,0,0,0,1
362,363,0.0,2,1,0,1,1,0,0,0,0,0,1,0,0,0,0,0,0,0,0,0,0,1
363,364,0.0,2,0,0,1,0,0,0,0,0,1,0,0,0,1,0,0,0,0,0,0,0,1
364,365,0.0,1,2,0,1,1,0,0,0,0,1,0,0,1,0,0,0,0,0,0,0,0,1
365,366,0.0,1,0,0,1,0,0,0,0,0,1,0,0,0,1,0,0,0,0,0,0,0,1
366,367,1.0,3,3,0,0,1,0,0,0,0,0,1,0,0,0,0,0,1,0,0,0,0,0
367,368,1.0,1,0,0,1,0,0,0,0,0,0,1,0,0,0,0,0,0,0,0,0,0,1
368,369,1.0,1,0,0,1,0,0,0,0,1,0,0,0,1,0,0,0,0,0,0,0,0,1
369,370,1.0,1,3,0,0,0,0,0,0,1,0,0,0,0,0,1,0,0,0,0,0,0,0
370,371,1.0,1,3,0,0,1,0,0,0,0,1,0,0,0,0,0,0,0,1,0,0,0,0
371,372,0.0,1,0,0,1,1,0,0,0,0,1,0,0,0,1,0,0,0,0,0,0,0,1
372,373,0.0,1,1,0,1,0,0,0,0,0,1,0,0,0,1,0,0,0,0,0,0,0,1
373,374,0.0,1,3,0,0,0,0,0,0,0,1,0,0,0,0,0,0,0,0,0,0,0,1
374,375,0.0,0,2,0,1,0,1,0,0,1,0,0,0,0,1,0,0,0,0,0,0,0,1
375,376,1.0,1,3,0,0,1,0,0,0,0,0,1,0,0,0,0,0,0,0,0,0,0,1
376,377,1.0,1,0,0,1,0,0,0,0,1,0,0,0,0,1,0,0,0,0,0,0,0,1
377,378,0.0,1,3,0,0,1,0,0,0,0,1,0,0,0,0,0,1,0,0,0,0,0,0
378,379,0.0,1,0,0,1,0,0,0,0,0,1,0,0,0,0,0,0,0,0,0,0,0,1
379,380,0.0,1,0,0,1,0,0,0,0,0,1,0,0,0,1,0,0,0,0,0,0,0,1
380,381,1.0,2,3,0,0,0,0,0,0,1,0,0,0,0,0,0,0,0,0,0,0,0,1
381,382,1.0,0,2,0,1,1,0,0,0,1,0,0,0,0,0,0,0,0,0,0,0,0,1
382,383,0.0,1,0,0,1,0,0,0,0,0,1,0,0,0,1,0,0,0,0,0,0,0,1
383,384,1.0,2,3,0,0,1,0,0,0,0,0,1,0,0,1,0,0,0,0,0,0,0,1
384,385,0.0,1,0,0,1,0,0,0,0,0,1,0,0,0,1,0,0,0,0,0,0,0,1
385,386,0.0,1,3,1,0,0,0,0,0,0,1,0,0,0,1,0,0,0,0,0,0,0,1
386,387,0.0,0,3,0,1,0,0,1,1,0,0,0,0,0,1,0,0,0,0,0,0,0,1
387,388,1.0,2,1,1,0,0,0,0,0,1,0,0,0,0,1,0,0,0,0,0,0,0,1
388,389,0.0,1,0,0,1,0,0,0,0,0,1,0,0,1,0,0,0,0,0,0,0,0,1
389,390,1.0,1,1,1,0,0,0,0,0,1,0,0,0,0,0,0,0,0,0,0,0,0,1
390,391,1.0,2,3,0,0,1,0,0,0,0,1,0,0,0,1,1,0,0,0,0,0,0,0
391,392,1.0,1,0,0,1,0,0,0,0,0,1,0,0,0,1,0,0,0,0,0,0,0,1
392,393,0.0,1,0,0,1,1,0,0,0,0,1,0,0,0,1,0,0,0,0,0,0,0,1
393,394,1.0,1,3,0,0,1,0,0,0,1,0,0,0,0,0,0,0,1,0,0,0,0,0
394,395,1.0,1,2,0,1,1,0,0,0,0,0,1,0,0,1,0,0,0,0,0,1,0,0
395,396,0.0,1,0,0,1,0,0,0,0,0,1,0,0,0,1,0,0,0,0,0,0,0,1
396,397,0.0,1,0,0,1,0,0,0,0,1,0,0,0,0,1,0,0,0,0,0,0,0,1
397,398,0.0,2,2,1,0,0,0,0,0,0,1,0,0,0,1,0,0,0,0,0,0,0,1
398,399,0.0,1,1,1,0,0,0,0,0,0,0,0,0,0,1,0,0,0,0,0,0,0,1
399,400,1.0,1,1,1,0,0,0,0,0,0,0,1,0,0,1,0,0,0,0,0,0,0,1
400,401,1.0,2,0,0,1,0,0,0,0,0,1,0,0,0,1,0,0,0,0,0,0,0,1
401,402,0.0,1,1,0,1,0,0,0,0,0,1,0,0,0,1,0,0,0,0,0,0,0,1
402,403,0.0,1,1,0,1,1,0,0,0,1,0,0,0,0,1,0,0,0,0,0,0,0,1
403,404,0.0,1,2,0,1,1,0,0,0,0,1,0,0,0,1,0,0,0,0,0,0,0,1
404,405,0.0,1,1,0,1,0,0,0,0,1,0,0,0,0,1,0,0,0,0,0,0,0,1
405,406,0.0,2,2,1,0,1,0,0,0,0,1,0,0,0,1,0,0,0,0,0,0,0,1
406,407,0.0,3,0,0,1,0,0,0,0,0,1,0,0,0,1,0,0,0,0,0,0,0,1
407,408,1.0,0,2,1,0,1,0,0,1,0,0,0,0,0,1,0,0,0,0,0,0,0,1
408,409,0.0,1,0,0,1,0,0,0,0,0,1,0,0,0,1,0,0,0,0,0,0,0,1
409,410,0.0,1,2,0,1,0,1,0,0,1,0,0,0,0,1,0,0,0,0,0,0,0,1
410,411,0.0,1,0,0,1,0,0,0,0,0,1,0,0,0,1,0,0,0,0,0,0,0,1
411,412,0.0,1,0,0,1,0,0,0,0,0,1,0,0,1,0,0,0,0,0,0,0,0,1
412,413,1.0,2,3,0,0,1,0,0,0,1,0,0,0,1,0,0,1,0,0,0,0,0,0
413,414,0.0,1,1,1,0,0,0,0,0,0,1,0,0,0,1,0,0,0,0,0,0,0,1
414,415,1.0,2,0,0,1,0,0,0,0,0,1,0,0,0,1,0,0,0,0,0,0,0,1
415,416,0.0,1,1,0,1,0,0,0,0,0,0,1,0,0,1,0,0,0,0,0,0,0,1
416,417,1.0,2,3,1,0,1,0,0,0,0,0,1,0,0,1,0,0,0,0,0,0,0,1
417,418,1.0,1,1,1,0,1,0,0,0,1,0,0,0,0,1,0,0,0,0,0,0,0,1
418,419,0.0,1,1,1,0,0,0,0,0,0,1,0,0,0,1,0,0,0,0,0,0,0,1
419,420,0.0,0,2,0,1,1,0,0,0,1,0,0,0,0,1,0,0,0,0,0,0,0,1
420,421,0.0,1,0,0,1,0,0,0,0,0,1,0,0,0,0,0,0,0,0,0,0,0,1
421,422,0.0,1,0,0,1,0,0,0,0,0,1,0,0,1,0,0,0,0,0,0,0,0,1
422,423,0.0,1,0,0,1,0,0,0,0,0,1,0,0,0,1,0,0,0,0,0,0,0,1
423,424,0.0,1,1,0,1,1,0,0,0,0,0,1,0,0,1,0,0,0,0,0,0,0,1
424,425,0.0,1,2,0,1,1,0,0,0,0,1,0,0,0,1,0,0,0,0,0,0,0,1
425,426,0.0,1,0,0,1,0,0,0,0,0,1,0,0,0,1,0,0,0,0,0,0,0,1
426,427,1.0,1,2,1,0,1,0,0,0,0,0,1,0,0,1,0,0,0,0,0,0,0,1
427,428,1.0,1,2,1,0,0,0,0,0,1,0,0,0,0,1,0,0,0,0,0,0,0,1
428,429,0.0,1,0,0,1,0,0,0,0,0,1,0,0,1,0,0,0,0,0,0,0,0,1
429,430,1.0,1,1,0,1,0,0,0,0,0,1,0,0,0,1,0,0,0,1,0,0,0,0
430,431,1.0,1,2,0,0,0,0,0,0,0,1,0,0,0,1,0,1,0,0,0,0,0,0
431,432,1.0,1,2,0,1,1,0,0,0,0,0,1,0,0,1,0,0,0,0,0,0,0,1
432,433,1.0,2,2,1,0,1,0,0,0,0,0,1,0,0,1,0,0,0,0,0,0,0,1
433,434,0.0,1,0,0,1,0,0,0,0,0,1,0,0,0,1,0,0,0,0,0,0,0,1
434,435,0.0,3,3,0,0,1,0,0,0,0,1,0,0,0,1,0,0,0,1,0,0,0,0
435,436,1.0,0,3,0,0,1,0,0,0,1,0,0,0,0,1,1,0,0,0,0,0,0,0
436,437,0.0,1,3,0,1,0,1,0,0,1,0,0,0,0,1,0,0,0,0,0,0,0,1
437,438,1.0,1,2,1,0,0,1,0,0,0,0,1,0,0,1,0,0,0,0,0,0,0,1
438,439,0.0,3,3,0,0,0,1,0,0,0,1,0,0,0,1,0,1,0,0,0,0,0,0
439,440,0.0,1,1,1,0,0,0,0,0,0,1,0,0,0,1,0,0,0,0,0,0,0,1
440,441,1.0,2,2,1,0,1,0,0,0,0,0,1,0,0,1,0,0,0,0,0,0,0,1
441,442,0.0,1,1,0,1,0,0,0,0,0,1,0,0,0,1,0,0,0,0,0,0,0,1
442,443,0.0,1,0,0,1,1,0,0,0,0,1,0,0,0,1,0,0,0,0,0,0,0,1
443,444,1.0,1,1,1,0,0,0,0,0,1,0,0,0,0,1,0,0,0,0,0,0,0,1
444,445,1.0,1,1,0,1,0,0,0,0,0,1,0,0,0,1,0,0,0,0,0,0,0,1
445,446,1.0,0,3,0,0,1,0,0,1,0,0,0,0,0,1,0,0,0,0,0,0,0,0
446,447,1.0,0,2,1,0,1,0,0,0,1,0,0,0,0,1,0,0,0,0,0,0,0,1
447,448,1.0,2,2,0,0,0,0,0,0,0,1,0,0,0,1,0,0,0,0,0,0,0,1
448,449,1.0,0,2,0,1,1,0,0,0,1,0,0,0,0,0,0,0,0,0,0,0,0,1
449,450,1.0,3,2,0,0,0,0,0,0,0,1,0,0,0,1,0,1,0,0,0,0,0,0
450,451,0.0,2,2,1,0,1,0,0,0,0,1,0,0,0,1,0,0,0,0,0,0,0,1
451,452,0.0,1,2,0,1,1,0,0,0,0,1,0,0,0,1,0,0,0,0,0,0,0,1
452,453,0.0,1,2,0,0,0,0,0,0,0,1,0,0,0,0,0,1,0,0,0,0,0,0
453,454,1.0,3,3,0,0,1,0,0,0,0,1,0,0,0,0,0,1,0,0,0,0,0,0
454,455,0.0,1,1,0,1,0,0,0,0,0,1,0,0,0,1,0,0,0,0,0,0,0,1
455,456,1.0,1,0,0,1,0,0,0,0,0,1,0,0,0,0,0,0,0,0,0,0,0,1
456,457,0.0,4,2,0,0,0,0,0,0,0,1,0,0,0,1,0,0,0,1,0,0,0,0
457,458,1.0,1,3,0,0,1,0,0,0,0,0,1,0,0,1,0,0,1,0,0,0,0,0
458,459,1.0,3,1,1,0,0,0,0,0,1,0,0,0,0,1,0,0,0,0,0,0,0,1
459,460,0.0,1,0,0,1,0,0,0,0,0,1,0,0,1,0,0,0,0,0,0,0,0,1
460,461,1.0,2,2,0,0,0,0,0,0,0,1,0,0,0,1,0,0,0,1,0,0,0,0
461,462,0.0,2,1,0,1,0,0,0,0,0,1,0,0,0,1,0,0,0,0,0,0,0,1
462,463,0.0,2,3,0,0,0,0,0,0,0,1,0,0,0,1,0,0,0,1,0,0,0,0
463,464,0.0,2,1,1,0,0,0,0,0,0,1,0,0,0,1,0,0,0,0,0,0,0,1
464,465,0.0,1,1,0,1,0,0,0,0,0,1,0,0,0,1,0,0,0,0,0,0,0,1
465,466,0.0,2,0,0,1,0,0,0,0,0,1,0,0,0,1,0,0,0,0,0,0,0,1
466,467,0.0,1,1,1,0,0,0,0,0,0,1,0,0,0,1,0,0,0,0,0,0,0,1
467,468,0.0,3,2,0,0,0,0,0,0,0,1,0,0,0,1,0,0,0,0,0,0,0,1
468,469,0.0,1,0,0,1,0,0,0,0,0,1,0,0,1,0,0,0,0,0,0,0,0,1
469,470,1.0,0,2,0,1,1,0,0,0,1,0,0,0,0,0,0,0,0,0,0,0,0,1
470,471,0.0,1,0,0,1,0,0,0,0,0,1,0,0,0,1,0,0,0,0,0,0,0,1
471,472,0.0,2,1,0,1,0,0,0,0,0,1,0,0,0,1,0,0,0,0,0,0,0,1
472,473,1.0,2,2,1,0,1,0,0,0,0,0,1,0,0,1,0,0,0,0,0,0,0,1
473,474,1.0,1,1,1,0,0,0,0,0,0,0,1,0,0,0,0,0,1,0,0,0,0,0
474,475,0.0,1,1,0,1,0,0,0,0,1,0,0,0,0,1,0,0,0,0,0,0,0,1
475,476,0.0,1,3,0,0,0,0,0,0,0,1,0,0,0,1,0,0,0,0,0,0,0,0
476,477,0.0,2,2,1,0,1,0,0,0,0,1,0,0,0,1,0,0,0,0,0,0,0,1
477,478,0.0,1,0,0,1,1,0,0,0,0,1,0,0,0,1,0,0,0,0,0,0,0,1
478,479,0.0,1,0,0,1,0,0,0,0,0,1,0,0,0,1,0,0,0,0,0,0,0,1
479,480,1.0,0,1,0,1,1,0,0,0,1,0,0,0,0,1,0,0,0,0,0,0,0,1
480,481,0.0,0,3,0,1,0,0,1,1,0,0,0,0,0,1,0,0,0,0,0,0,0,1
481,482,0.0,1,1,1,0,0,0,0,0,0,1,0,0,0,1,0,0,0,0,0,0,0,1
482,483,0.0,3,1,0,1,0,0,0,0,0,1,0,0,0,1,0,0,0,0,0,0,0,1
483,484,1.0,3,1,0,1,0,0,0,0,0,0,1,0,0,1,0,0,0,0,0,0,0,1
484,485,1.0,1,3,0,0,1,0,0,0,0,1,0,0,0,0,1,0,0,0,0,0,0,0
485,486,0.0,1,2,0,1,0,1,0,0,1,0,0,0,0,1,0,0,0,0,0,0,0,1
486,487,1.0,2,3,0,0,1,0,0,0,0,0,1,0,0,1,0,1,0,0,0,0,0,0
487,488,0.0,3,2,0,0,0,0,0,0,0,1,0,0,0,0,1,0,0,0,0,0,0,0
488,489,0.0,1,1,0,1,0,0,0,0,0,1,0,0,0,1,0,0,0,0,0,0,0,1
489,490,1.0,0,2,0,1,1,0,0,1,0,0,0,0,0,1,0,0,0,0,0,0,0,1
490,491,0.0,1,2,0,1,1,0,0,0,0,1,0,0,0,1,0,0,0,0,0,0,0,1
491,492,0.0,1,0,0,1,0,0,0,0,0,1,0,0,0,1,0,0,0,0,0,0,0,1
492,493,0.0,3,2,0,0,0,0,0,0,0,1,0,0,0,1,0,1,0,0,0,0,0,0
493,494,0.0,4,3,0,0,0,0,0,0,0,1,0,0,0,0,0,0,0,0,0,0,0,1
494,495,0.0,1,1,0,1,0,0,0,0,0,1,0,0,0,1,0,0,0,0,0,0,0,1
495,496,0.0,1,1,0,1,0,0,0,0,0,1,0,0,0,0,0,0,0,0,0,0,0,1
496,497,1.0,3,3,0,0,1,0,0,0,1,0,0,0,0,0,0,0,1,0,0,0,0,0
497,498,0.0,1,2,0,1,0,0,0,0,0,1,0,0,0,1,0,0,0,0,0,0,0,1
498,499,0.0,1,3,0,0,1,0,0,0,0,0,1,0,0,1,0,1,0,0,0,0,0,0
499,500,0.0,1,0,0,1,0,0,0,0,0,1,0,0,0,1,0,0,0,0,0,0,0,1
500,501,0.0,1,1,0,1,0,0,0,0,0,1,0,0,0,1,0,0,0,0,0,0,0,1
501,502,0.0,1,0,0,1,0,0,0,0,1,0,0,0,1,0,0,0,0,0,0,0,0,1
502,503,0.0,1,0,0,1,0,0,0,0,1,0,0,0,1,0,0,0,0,0,0,0,0,1
503,504,0.0,2,1,0,1,0,0,0,0,1,0,0,0,0,1,0,0,0,0,0,0,0,1
504,505,1.0,0,3,0,0,0,0,0,0,1,0,0,0,0,1,1,0,0,0,0,0,0,0
505,506,0.0,1,3,0,0,1,0,0,0,0,1,0,0,0,0,0,1,0,0,0,0,0,0
506,507,1.0,2,2,1,0,1,0,0,0,0,0,1,0,0,1,0,0,0,0,0,0,0,1
507,508,1.0,1,2,0,0,0,0,0,0,0,1,0,0,0,1,0,0,0,0,0,0,0,1
508,509,0.0,1,2,0,1,0,0,0,0,0,1,0,0,0,1,0,0,0,0,0,0,0,1
509,510,1.0,1,3,0,1,0,0,0,0,0,1,0,0,0,1,0,0,0,0,0,0,0,1
510,511,1.0,1,0,0,1,0,0,0,0,0,1,0,0,1,0,0,0,0,0,0,0,0,1
511,512,0.0,1,1,0,1,0,0,0,0,0,1,0,0,0,1,0,0,0,0,0,0,0,1
512,513,1.0,2,2,0,0,0,0,0,0,0,1,0,0,0,1,0,0,0,1,0,0,0,0
513,514,1.0,3,3,0,0,1,0,0,0,0,0,1,0,0,0,0,0,0,0,0,0,0,1
514,515,0.0,1,0,0,1,0,0,0,0,0,1,0,0,0,1,0,0,0,0,0,0,0,1
515,516,0.0,2,3,0,0,0,0,0,0,0,1,0,0,0,1,0,0,1,0,0,0,0,0
516,517,1.0,2,1,1,0,0,0,0,0,0,0,1,0,0,1,0,0,0,0,1,0,0,0
517,518,0.0,1,2,0,1,0,0,0,0,0,1,0,0,1,0,0,0,0,0,0,0,0,1
518,519,1.0,2,2,1,0,1,0,0,0,0,0,1,0,0,1,0,0,0,0,0,0,0,1
519,520,0.0,1,0,0,1,0,0,0,0,0,1,0,0,0,1,0,0,0,0,0,0,0,1
520,521,1.0,1,3,0,0,0,0,0,0,1,0,0,0,0,1,1,0,0,0,0,0,0,0
521,522,0.0,1,0,0,1,0,0,0,0,0,1,0,0,0,1,0,0,0,0,0,0,0,1
522,523,0.0,1,0,0,1,0,0,0,0,0,1,0,0,0,0,0,0,0,0,0,0,0,1
523,524,1.0,2,3,0,0,1,0,0,0,0,0,1,0,0,0,1,0,0,0,0,0,0,0
524,525,0.0,1,0,0,1,0,0,0,0,0,1,0,0,0,0,0,0,0,0,0,0,0,1
525,526,0.0,2,0,0,1,0,0,0,0,0,1,0,0,1,0,0,0,0,0,0,0,0,1
526,527,1.0,3,1,1,0,0,0,0,0,1,0,0,0,0,1,0,0,0,0,0,0,0,1
527,528,0.0,1,3,0,0,0,0,0,0,0,1,0,0,0,1,0,1,0,0,0,0,0,0
528,529,0.0,2,0,0,1,0,0,0,0,0,1,0,0,0,1,0,0,0,0,0,0,0,1
529,530,0.0,1,1,1,0,1,0,0,0,0,1,0,0,0,1,0,0,0,0,0,0,0,1
530,531,1.0,0,2,1,0,1,0,0,0,1,0,0,0,0,1,0,0,0,0,0,0,0,1
531,532,0.0,1,0,0,1,0,0,0,0,0,1,0,0,0,0,0,0,0,0,0,0,0,1
532,533,0.0,1,0,0,1,1,0,0,0,0,1,0,0,0,0,0,0,0,0,0,0,0,1
533,534,1.0,1,2,0,1,1,0,0,0,0,0,1,0,0,0,0,0,0,0,0,0,0,1
534,535,0.0,1,1,0,1,0,0,0,0,1,0,0,0,0,1,0,0,0,0,0,0,0,1
535,536,1.0,0,2,1,0,1,0,0,0,1,0,0,0,0,1,0,0,0,0,0,0,0,1
536,537,0.0,2,2,0,0,0,0,0,0,0,1,0,0,0,1,1,0,0,0,0,0,0,0
537,538,1.0,1,3,0,0,0,0,0,0,1,0,0,0,0,0,0,0,0,0,0,0,0,1
538,539,0.0,1,1,0,1,0,0,0,0,0,1,0,0,0,1,0,0,0,0,0,0,0,1
539,540,1.0,1,3,0,0,1,0,0,0,1,0,0,0,0,0,1,0,0,0,0,0,0,0
540,541,1.0,2,3,0,0,1,0,0,0,1,0,0,0,0,1,1,0,0,0,0,0,0,0
541,542,0.0,0,2,0,1,0,1,0,0,1,0,0,0,0,1,0,0,0,0,0,0,0,1
542,543,0.0,0,2,0,1,0,1,0,0,1,0,0,0,0,1,0,0,0,0,0,0,0,1
543,544,1.0,1,2,1,0,1,0,0,0,0,1,0,0,0,1,0,0,0,0,0,0,0,1
544,545,0.0,3,3,0,0,1,0,0,0,0,1,0,0,0,0,0,1,0,0,0,0,0,0
545,546,0.0,3,2,0,0,0,0,0,0,0,1,0,0,0,1,0,0,0,0,0,0,0,1
546,547,1.0,1,2,1,0,1,0,0,0,0,0,1,0,0,1,0,0,0,0,0,0,0,1
547,548,1.0,1,1,1,0,0,0,0,0,0,1,0,0,0,0,0,0,0,0,0,0,0,1
548,549,0.0,2,2,0,1,1,0,0,0,0,1,0,0,0,1,0,0,0,0,0,0,0,1
549,550,1.0,0,3,1,0,1,0,0,1,0,0,0,0,0,1,0,0,0,0,0,0,0,1
550,551,1.0,1,3,0,0,1,0,0,0,0,1,0,0,0,0,0,1,0,0,0,0,0,0
551,552,0.0,1,2,1,0,0,0,0,0,0,1,0,0,0,1,0,0,0,0,0,0,0,1
552,553,0.0,1,0,0,1,0,0,0,0,0,1,0,0,1,0,0,0,0,0,0,0,0,1
553,554,1.0,1,0,0,1,0,0,0,0,0,1,0,0,0,0,0,0,0,0,0,0,0,1
554,555,1.0,1,0,0,1,0,0,0,0,1,0,0,0,0,1,0,0,0,0,0,0,0,1
555,556,0.0,3,2,0,0,0,0,0,0,0,1,0,0,0,1,0,0,0,0,0,0,0,1
556,557,1.0,2,3,0,0,1,0,0,0,1,0,0,0,0,0,0,0,0,0,0,0,0,0
557,558,0.0,1,3,0,0,0,0,0,0,0,1,0,0,0,0,0,0,0,0,0,0,0,1
558,559,1.0,2,3,0,0,1,0,0,0,0,0,1,0,0,1,0,0,0,1,0,0,0,0
559,560,1.0,2,2,0,1,1,0,0,0,0,0,1,0,0,1,0,0,0,0,0,0,0,1
560,561,0.0,1,0,0,1,0,0,0,0,0,1,0,0,1,0,0,0,0,0,0,0,0,1
561,562,0.0,2,0,0,1,0,0,0,0,0,1,0,0,0,1,0,0,0,0,0,0,0,1
562,563,0.0,1,1,1,0,0,0,0,0,0,1,0,0,0,1,0,0,0,0,0,0,0,1
563,564,0.0,1,1,0,1,0,0,0,0,0,1,0,0,0,1,0,0,0,0,0,0,0,1
564,565,0.0,1,1,0,1,0,0,0,0,1,0,0,0,0,1,0,0,0,0,0,0,0,1
565,566,0.0,1,2,0,1,1,0,0,0,0,1,0,0,0,1,0,0,0,0,0,0,0,1
566,567,0.0,1,0,0,1,0,0,0,0,0,1,0,0,0,1,0,0,0,0,0,0,0,1
567,568,0.0,1,2,0,1,0,1,0,0,0,0,1,0,0,1,0,0,0,0,0,0,0,1
568,569,0.0,1,0,0,1,0,0,0,0,0,1,0,0,0,0,0,0,0,0,0,0,0,1
569,570,1.0,1,0,0,1,0,0,0,0,0,1,0,0,0,1,0,0,0,0,0,0,0,1
570,571,1.0,3,1,1,0,0,0,0,0,0,1,0,0,0,1,0,0,0,0,0,0,0,1
571,572,1.0,3,3,0,0,1,0,0,0,0,0,1,0,0,1,0,1,0,0,0,0,0,0
572,573,1.0,2,2,0,0,0,0,0,0,0,1,0,0,0,1,0,0,0,1,0,0,0,0
573,574,1.0,1,0,0,1,0,0,0,0,1,0,0,0,1,0,0,0,0,0,0,0,0,1
574,575,0.0,0,1,0,1,0,0,0,0,0,1,0,0,0,1,0,0,0,0,0,0,0,1
575,576,0.0,1,1,0,1,0,0,0,0,0,1,0,0,0,1,0,0,0,0,0,0,0,1
576,577,1.0,2,1,1,0,0,0,0,0,1,0,0,0,0,1,0,0,0,0,0,0,0,1
577,578,1.0,2,3,0,0,1,0,0,0,0,0,1,0,0,1,0,0,0,1,0,0,0,0
578,579,0.0,1,1,0,1,1,0,0,0,0,0,1,0,0,0,0,0,0,0,0,0,0,1
579,580,1.0,1,0,0,1,0,0,0,0,0,1,0,0,0,1,0,0,0,0,0,0,0,1
580,581,1.0,1,2,1,0,1,0,0,0,1,0,0,0,0,1,0,0,0,0,0,0,0,1
581,582,1.0,2,3,0,0,1,0,0,0,0,0,1,0,0,0,0,1,0,0,0,0,0,0
582,583,0.0,3,2,1,0,0,0,0,0,0,1,0,0,0,1,0,0,0,0,0,0,0,1
583,584,0.0,2,3,0,0,0,0,0,0,0,1,0,0,0,0,0,0,0,0,0,0,0,0
584,585,0.0,1,1,0,1,0,0,0,0,0,1,0,0,0,0,0,0,0,0,0,0,0,1
585,586,1.0,1,3,0,0,1,0,0,0,1,0,0,0,0,1,0,0,0,1,0,0,0,0
586,587,0.0,2,2,1,0,0,0,0,0,0,1,0,0,0,1,0,0,0,0,0,0,0,1
587,588,1.0,3,3,0,0,1,0,0,0,0,1,0,0,0,0,1,0,0,0,0,0,0,0
588,589,0.0,1,1,0,1,0,0,0,0,0,1,0,0,0,1,0,0,0,0,0,0,0,1
589,590,0.0,1,1,0,1,0,0,0,0,0,1,0,0,0,1,0,0,0,0,0,0,0,1
590,591,0.0,2,0,0,1,0,0,0,0,0,1,0,0,0,1,0,0,0,0,0,0,0,1
591,592,1.0,3,3,0,0,1,0,0,0,0,0,1,0,0,0,0,0,1,0,0,0,0,0
592,593,0.0,2,0,0,1,0,0,0,0,0,1,0,0,0,1,0,0,0,0,0,0,0,1
593,594,0.0,1,0,0,1,1,0,0,0,1,0,0,0,1,0,0,0,0,0,0,0,0,1
594,595,0.0,2,2,1,0,1,0,0,0,0,1,0,0,0,1,0,0,0,0,0,0,0,1
595,596,0.0,2,2,0,1,1,0,0,0,0,1,0,0,0,1,0,0,0,0,0,0,0,1
596,597,1.0,1,3,1,0,0,0,0,0,1,0,0,0,0,1,0,0,0,0,0,0,0,1
597,598,0.0,3,1,0,1,0,0,0,0,0,1,0,0,0,1,0,0,0,0,0,0,0,1
598,599,0.0,1,0,0,1,0,0,0,0,0,1,0,0,0,0,0,0,0,0,0,0,0,1
599,600,1.0,3,3,0,0,1,0,0,0,0,1,0,0,0,0,0,0,0,0,0,0,0,0
600,601,1.0,1,2,1,0,1,0,0,0,0,0,1,0,0,1,0,0,0,0,0,0,0,1
601,602,0.0,1,0,0,1,0,0,0,0,0,1,0,0,0,1,0,0,0,0,0,0,0,1
602,603,0.0,1,3,0,0,0,0,0,0,0,1,0,0,0,1,0,0,0,0,0,0,0,1
603,604,0.0,2,1,0,1,0,0,0,0,0,1,0,0,0,1,0,0,0,0,0,0,0,1
604,605,1.0,2,2,0,0,0,0,0,0,0,1,0,0,0,0,0,0,0,0,0,0,0,1
605,606,0.0,2,2,0,1,1,0,0,0,0,1,0,0,0,1,0,0,0,0,0,0,0,1
606,607,0.0,1,0,0,1,0,0,0,0,0,1,0,0,0,1,0,0,0,0,0,0,0,1
607,608,1.0,1,2,0,0,0,0,0,0,0,1,0,0,0,1,0,0,0,0,0,0,0,1
608,609,1.0,1,3,1,0,1,0,0,0,0,0,1,0,0,0,0,0,0,0,0,0,0,1
609,610,1.0,2,3,0,0,0,0,0,0,1,0,0,0,0,1,0,1,0,0,0,0,0,0
610,611,0.0,2,2,0,1,0,1,0,0,0,0,1,0,0,1,0,0,0,0,0,0,0,1
611,612,0.0,1,0,0,1,0,0,0,0,0,1,0,0,0,1,0,0,0,0,0,0,0,1
612,613,1.0,1,2,0,1,1,0,0,0,1,0,0,0,1,0,0,0,0,0,0,0,0,1
613,614,0.0,1,0,0,1,0,0,0,0,0,1,0,0,1,0,0,0,0,0,0,0,0,1
614,615,0.0,2,1,0,1,0,0,0,0,0,1,0,0,0,1,0,0,0,0,0,0,0,1
615,616,1.0,1,3,1,0,1,0,0,0,1,0,0,0,0,1,0,0,0,0,0,0,0,1
616,617,0.0,2,1,0,1,1,0,0,0,0,1,0,0,0,1,0,0,0,0,0,0,0,1
617,618,0.0,1,2,0,1,1,0,0,0,0,0,1,0,0,1,0,0,0,0,0,0,0,1
618,619,1.0,0,3,1,0,1,0,0,0,1,0,0,0,0,1,0,0,0,0,1,0,0,0
619,620,0.0,1,1,1,0,0,0,0,0,0,1,0,0,0,1,0,0,0,0,0,0,0,1
620,621,0.0,1,1,0,1,1,0,0,0,0,1,0,0,0,0,0,0,0,0,0,0,0,1
621,622,1.0,2,3,0,0,1,0,0,0,0,1,0,0,0,1,0,0,1,0,0,0,0,0
622,623,1.0,1,2,0,1,1,0,0,0,0,1,0,0,0,0,0,0,0,0,0,0,0,1
623,624,0.0,1,0,0,1,0,0,0,0,0,1,0,0,0,1,0,0,0,0,0,0,0,1
624,625,0.0,1,2,0,1,0,0,0,0,0,1,0,0,0,1,0,0,0,0,0,0,0,1
625,626,0.0,3,3,0,0,0,0,0,0,0,1,0,0,0,1,0,0,1,0,0,0,0,0
626,627,0.0,3,1,1,0,0,0,0,0,0,0,0,1,1,0,0,0,0,0,0,0,0,1
627,628,1.0,1,3,0,0,0,0,0,0,1,0,0,0,0,1,0,0,1,0,0,0,0,0
628,629,0.0,1,0,0,1,0,0,0,0,0,1,0,0,0,1,0,0,0,0,0,0,0,1
629,630,0.0,1,0,0,1,0,0,0,0,0,1,0,0,1,0,0,0,0,0,0,0,0,1
630,631,1.0,4,2,0,0,0,0,0,0,0,1,0,0,0,1,0,0,0,0,0,0,0,0
631,632,0.0,3,0,0,1,0,0,0,0,0,1,0,0,0,1,0,0,0,0,0,0,0,1
632,633,1.0,1,2,0,0,0,0,0,0,0,0,0,0,0,0,1,0,0,0,0,0,0,0
633,634,0.0,1,1,0,0,0,0,0,0,0,1,0,0,0,1,0,0,0,0,0,0,0,1
634,635,0.0,0,2,0,1,0,1,0,0,1,0,0,0,0,1,0,0,0,0,0,0,0,1
635,636,1.0,1,1,1,0,0,0,0,0,1,0,0,0,0,1,0,0,0,0,0,0,0,1
636,637,0.0,1,0,0,1,0,0,0,0,0,1,0,0,0,1,0,0,0,0,0,0,0,1
637,638,0.0,1,2,1,0,1,0,0,0,0,1,0,0,0,1,0,0,0,0,0,0,0,1
638,639,0.0,2,3,0,1,0,1,0,0,0,0,1,0,0,1,0,0,0,0,0,0,0,1
639,640,0.0,1,2,0,1,1,0,0,0,0,1,0,0,0,1,0,0,0,0,0,0,0,1
640,641,0.0,1,0,0,1,0,0,0,0,0,1,0,0,0,1,0,0,0,0,0,0,0,1
641,642,1.0,1,3,0,0,0,0,0,0,1,0,0,0,0,0,1,0,0,0,0,0,0,0
642,643,0.0,0,2,0,1,0,1,0,0,1,0,0,0,0,1,0,0,0,0,0,0,0,1
643,644,1.0,1,3,0,1,0,0,0,0,0,1,0,0,0,1,0,0,0,0,0,0,0,1
644,645,1.0,0,2,0,1,1,0,0,0,1,0,0,0,0,0,0,0,0,0,0,0,0,1
645,646,1.0,2,3,0,0,1,0,0,0,0,1,0,0,0,0,0,0,1,0,0,0,0,0
646,647,0.0,1,0,0,1,0,0,0,0,0,1,0,0,0,1,0,0,0,0,0,0,0,1
647,648,1.0,3,3,0,0,0,0,0,0,0,1,0,0,0,0,0,0,0,0,0,0,0,0
648,649,0.0,1,0,0,1,0,0,0,0,0,1,0,0,0,1,0,0,0,0,0,0,0,1
649,650,1.0,1,0,0,1,0,0,0,0,1,0,0,0,0,1,0,0,0,0,0,0,0,1
650,651,0.0,1,0,0,1,0,0,0,0,0,1,0,0,0,1,0,0,0,0,0,0,0,1
651,652,1.0,1,2,1,0,1,0,0,0,1,0,0,0,0,1,0,0,0,0,0,0,0,1
652,653,0.0,1,1,0,1,0,0,0,0,0,1,0,0,0,1,0,0,0,0,0,0,0,1
653,654,1.0,1,0,0,1,0,0,0,0,1,0,0,0,1,0,0,0,0,0,0,0,0,1
654,655,0.0,1,0,0,1,0,0,0,0,1,0,0,0,1,0,0,0,0,0,0,0,0,1
655,656,0.0,1,3,1,0,1,0,0,0,0,1,0,0,0,1,0,0,0,0,0,0,0,1
656,657,0.0,1,0,0,1,0,0,0,0,0,1,0,0,0,1,0,0,0,0,0,0,0,1
657,658,0.0,1,2,0,1,1,0,0,0,0,0,1,0,1,0,0,0,0,0,0,0,0,1
658,659,0.0,1,1,1,0,0,0,0,0,0,1,0,0,0,1,0,0,0,0,0,0,0,1
659,660,0.0,3,3,0,0,1,0,0,0,0,1,0,0,0,0,0,0,1,0,0,0,0,0
660,661,1.0,3,3,0,0,1,0,0,0,0,0,0,0,0,1,0,0,0,0,0,0,0,1
661,662,0.0,2,0,0,1,0,0,0,0,0,1,0,0,0,0,0,0,0,0,0,0,0,1
662,663,0.0,2,2,0,0,0,0,0,0,0,1,0,0,0,1,0,0,0,1,0,0,0,0
663,664,0.0,2,0,0,1,0,0,0,0,0,1,0,0,0,1,0,0,0,0,0,0,0,1
664,665,1.0,1,0,0,1,1,0,0,0,0,1,0,0,0,1,0,0,0,0,0,0,0,1
665,666,0.0,1,3,1,0,1,0,0,0,0,1,0,0,0,1,0,0,0,0,0,0,0,1
666,667,0.0,1,1,1,0,0,0,0,0,0,1,0,0,0,1,0,0,0,0,0,0,0,1
667,668,0.0,1,0,0,1,0,0,0,0,0,1,0,0,0,1,0,0,0,0,0,0,0,1
668,669,0.0,2,1,0,1,0,0,0,0,0,1,0,0,0,1,0,0,0,0,0,0,0,1
669,670,1.0,1,3,0,0,1,0,0,0,0,0,1,0,0,1,0,1,0,0,0,0,0,0
670,671,1.0,2,3,1,0,1,0,0,0,0,0,1,0,0,1,0,0,0,0,0,0,0,1
671,672,0.0,1,3,0,0,1,0,0,0,0,1,0,0,0,1,1,0,0,0,0,0,0,0
672,673,0.0,4,1,1,0,0,0,0,0,0,1,0,0,0,1,0,0,0,0,0,0,0,1
673,674,1.0,1,1,1,0,0,0,0,0,0,1,0,0,0,1,0,0,0,0,0,0,0,1
674,675,0.0,1,1,1,0,0,0,0,0,0,1,0,0,0,1,0,0,0,0,0,0,0,1
675,676,0.0,1,0,0,1,0,0,0,0,0,1,0,0,0,1,0,0,0,0,0,0,0,1
676,677,0.0,1,1,0,1,0,0,0,0,0,1,0,0,0,1,0,0,0,0,0,0,0,1
677,678,1.0,1,1,0,1,0,0,0,0,1,0,0,0,0,1,0,0,0,0,0,0,0,1
678,679,0.0,2,3,0,1,0,0,1,0,0,0,1,0,0,1,0,0,0,0,0,0,0,1
679,680,1.0,2,3,0,0,1,0,0,0,0,1,0,0,0,0,1,0,0,0,0,0,0,0
680,681,0.0,1,1,0,1,0,0,0,0,1,0,0,0,1,0,0,0,0,0,0,0,0,1
681,682,1.0,1,3,0,0,0,0,0,0,0,1,0,0,0,0,0,0,1,0,0,0,0,0
682,683,0.0,1,1,0,1,0,0,0,0,0,1,0,0,0,1,0,0,0,0,0,0,0,1
683,684,0.0,0,3,0,1,0,0,1,0,0,1,0,0,0,1,0,0,0,0,0,0,0,1
684,685,0.0,3,3,1,0,1,0,0,0,0,1,0,0,0,1,0,0,0,0,0,0,0,1
685,686,0.0,1,3,1,0,1,0,0,0,0,1,0,0,0,0,0,0,0,0,0,0,0,1
686,687,0.0,0,3,0,1,0,1,0,0,0,1,0,0,0,1,0,0,0,0,0,0,0,1
687,688,0.0,1,1,0,1,0,0,0,0,0,1,0,0,0,1,0,0,0,0,0,0,0,1
688,689,0.0,1,0,0,1,0,0,0,0,0,1,0,0,0,1,0,0,0,0,0,0,0,1
689,690,1.0,0,3,0,0,1,0,0,0,1,0,0,0,0,1,1,0,0,0,0,0,0,0
690,691,1.0,1,3,0,0,1,0,0,0,0,1,0,0,0,1,1,0,0,0,0,0,0,0
691,692,1.0,0,1,0,1,1,0,0,0,1,0,0,0,0,0,0,0,0,0,0,0,0,1
692,693,1.0,1,3,0,1,0,0,0,0,0,1,0,0,0,1,0,0,0,0,0,0,0,1
693,694,0.0,1,0,0,1,0,0,0,0,0,1,0,0,0,0,0,0,0,0,0,0,0,1
694,695,0.0,3,2,0,0,0,0,0,0,0,1,0,0,0,1,0,0,0,0,0,0,0,1
695,696,0.0,3,1,1,0,0,0,0,0,0,1,0,0,0,1,0,0,0,0,0,0,0,1
696,697,0.0,2,1,0,1,0,0,0,0,0,1,0,0,0,1,0,0,0,0,0,0,0,1
697,698,1.0,1,0,0,1,0,0,0,0,1,0,0,0,1,0,0,0,0,0,0,0,0,1
698,699,0.0,3,3,0,0,1,0,0,0,0,1,0,0,0,0,0,1,0,0,0,0,0,0
699,700,0.0,2,0,0,1,0,0,0,0,0,1,0,0,0,1,0,0,0,0,1,0,0,0
700,701,1.0,1,3,0,0,1,0,0,0,0,0,1,0,0,0,0,1,0,0,0,0,0,0
701,702,1.0,2,2,0,0,0,0,0,0,0,1,0,0,0,1,0,0,0,1,0,0,0,0
702,703,0.0,1,1,0,1,1,0,0,0,1,0,0,0,0,0,0,0,0,0,0,0,0,1
703,704,0.0,1,0,0,1,0,0,0,0,0,1,0,0,1,0,0,0,0,0,0,0,0,1
704,705,0.0,1,0,0,1,1,0,0,0,0,1,0,0,0,1,0,0,0,0,0,0,0,1
705,706,0.0,2,2,1,0,0,0,0,0,0,1,0,0,0,1,0,0,0,0,0,0,0,1
706,707,1.0,2,1,1,0,0,0,0,0,0,0,1,0,0,1,0,0,0,0,0,0,0,1
707,708,1.0,2,2,0,0,0,0,0,0,0,1,0,0,0,1,0,0,0,1,0,0,0,0
708,709,1.0,1,3,0,0,0,0,0,0,1,0,0,0,0,1,0,0,0,0,0,0,0,1
709,710,1.0,1,2,0,1,1,0,0,1,0,0,0,0,0,0,0,0,0,0,0,0,0,1
710,711,1.0,1,3,0,0,0,0,0,0,1,0,0,0,0,0,0,1,0,0,0,0,0,0
711,712,0.0,1,2,0,0,0,0,0,0,0,1,0,0,0,1,0,1,0,0,0,0,0,0
712,713,1.0,2,3,0,0,1,0,0,0,0,1,0,0,0,1,0,1,0,0,0,0,0,0
713,714,0.0,1,1,0,1,0,0,0,0,0,1,0,0,0,1,0,0,0,0,0,0,0,1
714,715,0.0,3,1,1,0,0,0,0,0,0,1,0,0,0,1,0,0,0,0,0,0,0,1
715,716,0.0,1,0,0,1,0,0,0,0,0,1,0,0,0,1,0,0,0,0,1,0,0,0
716,717,1.0,2,3,0,0,0,0,0,0,1,0,0,0,0,0,0,1,0,0,0,0,0,0
717,718,1.0,1,1,1,0,0,0,0,0,1,0,0,0,0,1,0,0,0,1,0,0,0,0
718,719,0.0,1,2,0,1,0,0,0,0,0,1,0,0,1,0,0,0,0,0,0,0,0,1
719,720,0.0,2,0,0,1,0,0,0,0,0,1,0,0,0,1,0,0,0,0,0,0,0,1
720,721,1.0,0,3,1,0,1,0,0,0,1,0,0,0,0,1,0,0,0,0,0,0,0,1
721,722,0.0,1,0,0,1,1,0,0,0,0,1,0,0,0,1,0,0,0,0,0,0,0,1
722,723,0.0,2,1,1,0,0,0,0,0,0,1,0,0,0,1,0,0,0,0,0,0,0,1
723,724,0.0,3,1,1,0,0,0,0,0,0,1,0,0,0,1,0,0,0,0,0,0,0,1
724,725,1.0,1,3,0,0,1,0,0,0,0,1,0,0,0,1,0,0,0,1,0,0,0,0
725,726,0.0,1,1,0,1,0,0,0,0,0,1,0,0,0,1,0,0,0,0,0,0,0,1
726,727,1.0,1,2,1,0,1,0,0,0,0,0,1,0,0,1,0,0,0,0,0,0,0,1
727,728,1.0,1,0,0,1,0,0,0,0,1,0,0,0,1,0,0,0,0,0,0,0,0,1
728,729,0.0,1,2,1,0,1,0,0,0,0,1,0,0,0,1,0,0,0,0,0,0,0,1
729,730,0.0,1,0,0,1,1,0,0,0,1,0,0,0,0,1,0,0,0,0,0,0,0,1
730,731,1.0,1,3,0,0,0,0,0,0,1,0,0,0,0,1,1,0,0,0,0,0,0,0
731,732,0.0,0,2,0,1,0,0,0,0,0,1,0,0,0,0,0,0,0,0,0,0,0,1
732,733,0.0,1,1,1,0,0,0,0,0,0,1,0,0,0,1,0,0,0,0,0,0,0,1
733,734,0.0,1,1,1,0,0,0,0,0,0,1,0,0,0,1,0,0,0,0,0,0,0,1
734,735,0.0,1,1,1,0,0,0,0,0,0,1,0,0,0,1,0,0,0,0,0,0,0,1
735,736,0.0,1,2,0,1,0,0,0,0,0,1,0,0,0,1,0,0,0,0,0,0,0,1
736,737,0.0,2,3,0,1,0,1,0,0,0,0,1,0,0,1,0,0,0,0,0,0,0,1
737,738,1.0,2,3,0,0,0,0,0,0,0,1,0,0,0,0,1,0,0,0,0,0,0,0
738,739,0.0,1,0,0,1,0,0,0,0,0,1,0,0,0,1,0,0,0,0,0,0,0,1
739,740,0.0,1,0,0,1,0,0,0,0,0,1,0,0,0,1,0,0,0,0,0,0,0,1
740,741,1.0,1,2,0,0,0,0,0,0,0,1,0,0,0,1,0,0,1,0,0,0,0,0
741,742,0.0,2,3,0,0,1,0,0,0,0,1,0,0,0,1,0,1,0,0,0,0,0,0
742,743,1.0,1,3,0,0,0,1,0,0,1,0,0,0,0,0,1,0,0,0,0,0,0,0
743,744,0.0,1,2,0,1,1,0,0,0,0,1,0,0,0,1,0,0,0,0,0,0,0,1
744,745,1.0,1,0,0,1,0,0,0,0,0,1,0,0,0,1,0,0,0,0,0,0,0,1
745,746,0.0,4,3,0,0,1,0,0,0,0,1,0,0,0,1,1,0,0,0,0,0,0,0
746,747,0.0,0,2,0,1,1,0,0,0,0,1,0,0,0,1,0,0,0,0,0,0,0,1
747,748,1.0,1,1,1,0,0,0,0,0,1,0,0,0,0,1,0,0,0,0,0,0,0,1
748,749,0.0,1,3,0,0,1,0,0,0,0,1,0,0,0,1,0,0,1,0,0,0,0,0
749,750,0.0,1,0,0,1,0,0,0,0,0,1,0,0,1,0,0,0,0,0,0,0,0,1
750,751,1.0,0,2,1,0,1,0,0,0,1,0,0,0,0,1,0,0,0,0,0,0,0,1
751,752,1.0,0,1,0,1,1,0,0,1,0,0,0,0,0,1,0,0,0,1,0,0,0,0
752,753,0.0,2,1,0,1,0,0,0,0,0,1,0,0,0,1,0,0,0,0,0,0,0,1
753,754,0.0,1,0,0,1,0,0,0,0,0,1,0,0,0,1,0,0,0,0,0,0,0,1
754,755,1.0,2,3,1,0,1,0,0,0,0,0,1,0,0,1,0,0,0,0,0,0,0,1
755,756,1.0,0,1,1,0,1,0,0,1,0,0,0,0,0,1,0,0,0,0,0,0,0,1
756,757,0.0,1,0,0,1,0,0,0,0,0,1,0,0,0,1,0,0,0,0,0,0,0,1
757,758,0.0,1,1,1,0,0,0,0,0,0,1,0,0,0,1,0,0,0,0,0,0,0,1
758,759,0.0,2,1,0,1,0,0,0,0,0,1,0,0,0,1,0,0,0,0,0,0,0,1
759,760,1.0,2,3,0,0,0,0,0,0,1,0,0,0,0,1,1,0,0,0,0,0,0,0
760,761,0.0,1,1,0,1,0,0,0,0,0,1,0,0,0,1,0,0,0,0,0,0,0,1
761,762,0.0,2,0,0,1,0,0,0,0,0,1,0,0,0,1,0,0,0,0,0,0,0,1
762,763,1.0,1,0,0,1,0,0,0,0,0,1,0,0,0,0,0,0,0,0,0,0,0,1
763,764,1.0,2,3,0,0,1,0,0,0,0,0,1,0,0,1,1,0,0,0,0,0,0,0
764,765,0.0,0,0,0,1,0,0,0,0,0,1,0,0,0,1,0,0,0,0,0,0,0,1
765,766,1.0,3,3,0,0,1,0,0,0,0,0,1,0,0,1,0,0,1,0,0,0,0,0
766,767,0.0,1,3,0,0,0,0,0,0,0,0,0,0,0,0,0,0,0,0,0,0,0,1
767,768,0.0,1,0,0,1,0,0,0,0,1,0,0,0,1,0,0,0,0,0,0,0,0,1
768,769,0.0,1,2,0,1,1,0,0,0,0,1,0,0,1,0,0,0,0,0,0,0,0,1
769,770,0.0,1,1,0,1,0,0,0,0,0,1,0,0,0,1,0,0,0,0,0,0,0,1
770,771,0.0,1,1,0,1,0,0,0,0,0,1,0,0,0,1,0,0,0,0,0,0,0,1
771,772,0.0,2,0,0,1,0,0,0,0,0,1,0,0,0,1,0,0,0,0,0,0,0,1
772,773,0.0,3,1,1,0,0,0,0,0,0,0,1,0,0,1,0,0,0,1,0,0,0,0
773,774,0.0,1,0,0,1,0,0,0,0,0,1,0,0,0,0,0,0,0,0,0,0,0,1
774,775,1.0,3,2,1,0,0,1,0,0,0,0,1,0,0,1,0,0,0,0,0,0,0,1
775,776,0.0,1,0,0,1,0,0,0,0,0,1,0,0,0,1,0,0,0,0,0,0,0,1
776,777,0.0,1,0,0,1,0,0,0,0,0,1,0,0,1,0,0,0,0,0,1,0,0,0
777,778,1.0,0,1,0,1,0,0,0,0,1,0,0,0,0,1,0,0,0,0,0,0,0,1
778,779,0.0,1,0,0,1,0,0,0,0,0,1,0,0,1,0,0,0,0,0,0,0,0,1
779,780,1.0,2,3,0,0,1,0,0,0,0,0,1,0,0,1,1,0,0,0,0,0,0,0
780,781,1.0,0,0,0,1,0,0,0,0,1,0,0,0,0,0,0,0,0,0,0,0,0,1
781,782,1.0,1,3,0,0,1,0,0,0,0,0,1,0,0,1,1,0,0,0,0,0,0,0
782,783,0.0,1,2,0,0,0,0,0,0,0,1,0,0,0,1,0,0,1,0,0,0,0,0
783,784,0.0,1,2,0,1,1,0,0,0,0,1,0,0,0,1,0,0,0,0,0,0,0,1
784,785,0.0,1,0,0,1,0,0,0,0,0,1,0,0,0,1,0,0,0,0,0,0,0,1
785,786,0.0,1,0,0,1,0,0,0,0,0,1,0,0,0,1,0,0,0,0,0,0,0,1
786,787,1.0,1,0,0,1,0,0,0,0,1,0,0,0,0,1,0,0,0,0,0,0,0,1
787,788,0.0,0,2,0,1,0,1,0,1,0,0,0,0,1,0,0,0,0,0,0,0,0,1
788,789,1.0,0,2,0,1,1,0,0,1,0,0,0,0,0,1,0,0,0,0,0,0,0,1
789,790,0.0,2,3,0,0,0,0,0,0,0,1,0,0,0,0,1,0,0,0,0,0,0,0
790,791,0.0,1,0,0,1,0,0,0,0,0,1,0,0,1,0,0,0,0,0,0,0,0,1
791,792,0.0,0,2,1,0,0,0,0,0,0,1,0,0,0,1,0,0,0,0,0,0,0,1
792,793,0.0,1,3,0,1,0,0,1,0,1,0,0,0,0,1,0,0,0,0,0,0,0,1
793,794,0.0,1,2,0,0,0,0,0,0,0,1,0,0,0,0,0,0,0,0,0,0,0,1
794,795,0.0,1,0,0,1,0,0,0,0,0,1,0,0,0,1,0,0,0,0,0,0,0,1
795,796,0.0,2,1,1,0,0,0,0,0,0,1,0,0,0,1,0,0,0,0,0,0,0,1
796,797,1.0,3,2,0,0,0,0,0,0,0,0,0,0,0,1,0,0,1,0,0,0,0,0
797,798,1.0,1,1,0,1,0,0,0,0,0,0,1,0,0,1,0,0,0,0,0,0,0,1
798,799,0.0,1,0,0,1,0,0,0,0,0,1,0,0,0,0,0,0,0,0,0,0,0,1
799,800,0.0,1,2,0,1,1,0,0,0,0,0,1,0,0,1,0,0,0,0,0,0,0,1
800,801,0.0,2,1,1,0,0,0,0,0,0,1,0,0,0,1,0,0,0,0,0,0,0,1
801,802,1.0,1,2,1,0,1,0,0,0,0,0,1,0,0,1,0,0,0,0,0,0,0,1
802,803,1.0,0,3,0,0,1,0,0,1,0,0,0,0,0,1,1,0,0,0,0,0,0,0
803,804,1.0,0,1,0,1,1,0,0,1,0,0,0,0,0,0,0,0,0,0,0,0,0,1
804,805,1.0,1,0,0,1,0,0,0,0,0,1,0,0,0,1,0,0,0,0,0,0,0,1
805,806,0.0,1,0,0,1,0,0,0,0,0,1,0,0,0,1,0,0,0,0,0,0,0,1
806,807,0.0,2,1,0,0,0,0,0,0,0,1,0,0,0,1,0,0,0,0,0,0,0,0
807,808,0.0,1,0,0,1,0,0,0,0,1,0,0,0,0,1,0,0,0,0,0,0,0,1
808,809,0.0,2,1,1,0,0,0,0,0,0,1,0,0,0,1,0,0,0,0,0,0,0,1
809,810,1.0,2,3,0,0,1,0,0,0,0,0,1,0,0,1,0,0,0,1,0,0,0,0
810,811,0.0,1,0,0,1,0,0,0,0,0,1,0,0,0,1,0,0,0,0,0,0,0,1
811,812,0.0,2,2,0,1,0,0,0,0,0,1,0,0,0,1,0,0,0,0,0,0,0,1
812,813,0.0,2,1,1,0,0,0,0,0,0,1,0,0,0,1,0,0,0,0,0,0,0,1
813,814,0.0,0,2,0,1,0,1,0,0,1,0,0,0,0,1,0,0,0,0,0,0,0,1
814,815,0.0,1,1,0,1,0,0,0,0,0,1,0,0,0,1,0,0,0,0,0,0,0,1
815,816,0.0,1,1,0,0,0,0,0,0,0,1,0,0,0,1,1,0,0,0,0,0,0,0
816,817,0.0,1,0,0,1,0,0,0,0,1,0,0,0,0,1,0,0,0,0,0,0,0,1
817,818,0.0,1,3,1,0,1,0,0,0,0,1,0,0,0,0,0,0,0,0,0,0,0,1
818,819,0.0,2,0,0,1,0,0,0,0,0,1,0,0,0,1,0,0,0,0,0,0,0,1
819,820,0.0,0,2,0,1,0,1,0,1,0,0,0,0,0,1,0,0,0,0,0,0,0,1
820,821,1.0,3,3,0,0,1,0,0,0,0,0,1,0,0,1,1,0,0,0,0,0,0,0
821,822,1.0,1,1,0,1,0,0,0,0,0,1,0,0,0,1,0,0,0,0,0,0,0,1
822,823,0.0,2,1,0,0,0,0,0,0,0,1,0,0,0,1,0,0,0,0,0,0,0,1
823,824,1.0,1,1,0,1,1,0,0,0,0,0,1,0,0,1,0,0,0,1,0,0,0,0
824,825,0.0,0,3,0,1,0,1,0,1,0,0,0,0,0,1,0,0,0,0,0,0,0,1
825,826,0.0,1,0,0,1,0,0,0,0,0,1,0,0,1,0,0,0,0,0,0,0,0,1
826,827,0.0,1,3,0,1,0,0,0,0,0,1,0,0,0,1,0,0,0,0,0,0,0,1
827,828,1.0,0,3,1,0,1,0,0,1,0,0,0,0,0,0,0,0,0,0,0,0,0,1
828,829,1.0,1,0,0,1,0,0,0,0,0,1,0,0,1,0,0,0,0,0,0,0,0,1
829,830,1.0,3,3,0,0,0,0,0,0,0,0,1,0,0,1,1,0,0,0,0,0,0,0
830,831,1.0,0,1,0,1,1,0,0,0,0,0,1,0,0,0,0,0,0,0,0,0,0,1
831,832,1.0,0,2,1,0,1,0,0,1,0,0,0,0,0,1,0,0,0,0,0,0,0,1
832,833,0.0,1,0,0,1,0,0,0,0,0,1,0,0,0,0,0,0,0,0,0,0,0,1
833,834,0.0,1,0,0,1,0,0,0,0,0,1,0,0,0,1,0,0,0,0,0,0,0,1
834,835,0.0,1,1,0,1,0,0,0,0,0,1,0,0,0,1,0,0,0,0,0,0,0,1
835,836,1.0,2,3,0,0,1,0,0,0,1,0,0,0,0,0,0,0,0,1,0,0,0,0
836,837,0.0,1,1,0,1,0,0,0,0,0,1,0,0,0,1,0,0,0,0,0,0,0,1
837,838,0.0,1,1,0,1,0,0,0,0,0,1,0,0,0,1,0,0,0,0,0,0,0,1
838,839,1.0,1,3,0,1,0,0,0,0,0,1,0,0,0,1,0,0,0,0,0,0,0,1
839,840,1.0,1,2,0,0,0,0,0,0,0,1,0,0,0,0,0,1,0,0,0,0,0,0
840,841,0.0,1,0,0,1,0,0,0,0,0,1,0,0,0,1,0,0,0,0,0,0,0,1
841,842,0.0,0,1,1,0,0,0,0,0,0,1,0,0,0,1,0,0,0,0,0,0,0,1
842,843,1.0,1,2,0,0,0,0,0,0,1,0,0,0,0,0,0,0,0,0,0,0,0,1
843,844,0.0,2,0,0,1,0,0,0,0,0,1,0,0,0,0,0,0,0,0,0,0,0,1
844,845,0.0,1,1,0,1,0,0,0,0,0,1,0,0,0,1,0,0,0,0,0,0,0,1
845,846,0.0,2,0,0,1,0,0,0,0,0,1,0,0,0,1,0,0,0,0,0,0,0,1
846,847,0.0,1,3,0,1,0,0,1,0,0,1,0,0,0,1,0,0,0,0,0,0,0,1
847,848,0.0,2,0,0,1,0,0,0,0,0,1,0,0,0,0,0,0,0,0,0,0,0,1
848,849,0.0,1,3,1,0,1,0,0,0,0,0,0,1,0,1,0,0,0,0,0,0,0,1
849,850,1.0,1,3,0,0,1,0,0,0,0,0,1,0,0,0,0,1,0,0,0,0,0,0
850,851,0.0,0,2,0,1,0,1,0,1,0,0,0,0,0,1,0,0,0,0,0,0,0,1
851,852,0.0,4,0,0,1,0,0,0,0,0,1,0,0,0,1,0,0,0,0,0,0,0,1
852,853,0.0,0,2,0,1,1,0,0,0,1,0,0,0,0,0,0,0,0,0,0,0,0,1
853,854,1.0,0,3,0,0,1,0,0,0,1,0,0,0,0,1,0,0,1,0,0,0,0,0
854,855,0.0,2,2,1,0,1,0,0,0,0,0,1,0,0,1,0,0,0,0,0,0,0,1
855,856,1.0,1,1,0,1,1,0,0,0,0,0,1,0,0,1,0,0,0,0,0,0,0,1
856,857,1.0,2,3,0,0,1,0,0,0,0,0,1,0,0,1,0,0,0,0,0,0,0,1
857,858,1.0,3,2,0,0,0,0,0,0,0,1,0,0,0,1,0,0,0,1,0,0,0,0
858,859,1.0,1,2,0,1,1,0,0,0,0,0,1,0,0,0,0,0,0,0,0,0,0,1
859,860,0.0,1,0,0,1,0,0,0,0,0,1,0,0,0,0,0,0,0,0,0,0,0,1
860,861,0.0,2,1,0,1,1,0,0,0,0,1,0,0,0,1,0,0,0,0,0,0,0,1
861,862,0.0,1,1,1,0,1,0,0,0,0,1,0,0,0,1,0,0,0,0,0,0,0,1
862,863,1.0,2,2,0,0,0,0,0,0,0,0,1,0,0,1,0,0,1,0,0,0,0,0
863,864,0.0,1,3,0,1,0,0,1,0,1,0,0,0,0,1,0,0,0,0,0,0,0,1
864,865,0.0,1,1,1,0,0,0,0,0,0,1,0,0,0,1,0,0,0,0,0,0,0,1
865,866,1.0,2,1,1,0,0,0,0,0,0,0,1,0,0,1,0,0,0,0,0,0,0,1
866,867,1.0,1,1,1,0,1,0,0,0,1,0,0,0,0,0,0,0,0,0,0,0,0,1
867,868,0.0,1,3,0,0,0,0,0,0,0,1,0,0,0,1,0,0,0,0,0,0,0,0
868,869,0.0,1,1,0,1,0,0,0,0,0,1,0,0,0,1,0,0,0,0,0,0,0,1
869,870,1.0,0,1,0,1,1,0,0,1,0,0,0,0,0,1,0,0,0,0,0,0,0,1
870,871,0.0,1,0,0,1,0,0,0,0,0,1,0,0,0,1,0,0,0,0,0,0,0,1
871,872,1.0,2,3,0,0,1,0,0,0,0,0,1,0,0,1,0,0,1,0,0,0,0,0
872,873,0.0,2,0,0,0,0,0,0,0,0,1,0,0,0,1,1,0,0,0,0,0,0,0
873,874,0.0,2,1,0,1,0,0,0,0,0,1,0,0,0,1,0,0,0,0,0,0,0,1
874,875,1.0,1,2,1,0,1,0,0,0,0,0,1,0,0,0,0,0,0,0,0,0,0,1
875,876,1.0,0,0,0,1,0,0,0,0,1,0,0,0,0,0,0,0,0,0,0,0,0,1
876,877,0.0,1,1,0,1,0,0,0,0,0,1,0,0,0,1,0,0,0,0,0,0,0,1
877,878,0.0,1,0,0,1,0,0,0,0,0,1,0,0,0,1,0,0,0,0,0,0,0,1
878,879,0.0,1,0,0,1,0,0,0,0,0,1,0,0,0,1,0,0,0,0,0,0,0,1
879,880,1.0,3,3,0,0,1,0,0,0,0,0,1,0,0,0,0,1,0,0,0,0,0,0
880,881,1.0,1,2,1,0,1,0,0,0,0,0,1,0,0,1,0,0,0,0,0,0,0,1
881,882,0.0,2,0,0,1,0,0,0,0,0,1,0,0,0,1,0,0,0,0,0,0,0,1
882,883,0.0,1,1,0,1,0,0,0,0,1,0,0,0,0,1,0,0,0,0,0,0,0,1
883,884,0.0,1,1,1,0,0,0,0,0,0,1,0,0,0,1,0,0,0,0,0,0,0,1
884,885,0.0,1,0,0,1,0,0,0,0,0,1,0,0,0,1,0,0,0,0,0,0,0,1
885,886,0.0,2,2,0,1,0,1,0,0,0,0,1,0,1,0,0,0,0,0,0,0,0,1
886,887,0.0,1,1,1,0,0,0,0,0,0,0,0,1,0,1,0,0,0,0,0,0,0,1
887,888,1.0,1,2,0,0,0,0,0,0,1,0,0,0,0,1,1,0,0,0,0,0,0,0
888,889,0.0,1,2,0,1,1,0,0,0,1,0,0,0,0,1,0,0,0,0,0,0,0,1
889,890,1.0,1,2,0,0,0,0,0,0,0,1,0,0,0,0,0,1,0,0,0,0,0,0
890,891,0.0,1,0,0,1,0,0,0,0,0,1,0,0,1,0,0,0,0,0,0,0,0,1
0,892,,2,0,0,1,0,0,0,0,0,1,0,0,1,0,0,0,0,0,0,0,0,1
1,893,,2,0,0,1,1,0,0,0,0,0,1,0,0,1,0,0,0,0,0,0,0,1
2,894,,3,1,1,0,0,0,0,0,0,1,0,0,1,0,0,0,0,0,0,0,0,1
3,895,,1,1,0,1,0,0,0,0,0,1,0,0,0,1,0,0,0,0,0,0,0,1
4,896,,1,1,0,1,1,0,0,0,0,0,1,0,0,1,0,0,0,0,0,0,0,1
5,897,,0,1,0,1,0,0,0,0,0,1,0,0,0,1,0,0,0,0,0,0,0,1
6,898,,1,0,0,1,0,0,0,0,1,0,0,0,1,0,0,0,0,0,0,0,0,1
7,899,,1,2,1,0,1,0,0,0,0,1,0,0,0,1,0,0,0,0,0,0,0,1
8,900,,1,0,0,1,0,0,0,0,0,0,1,0,0,0,0,0,0,0,0,0,0,1
9,901,,1,2,0,1,1,0,0,0,0,1,0,0,0,1,0,0,0,0,0,0,0,1
10,902,,1,0,0,1,0,0,0,0,0,1,0,0,0,1,0,0,0,0,0,0,0,1
11,903,,2,2,0,0,0,0,0,0,0,1,0,0,0,1,0,0,0,0,0,0,0,1
12,904,,1,3,0,0,1,0,0,0,0,0,1,0,0,1,1,0,0,0,0,0,0,0
13,905,,3,2,1,0,1,0,0,0,0,1,0,0,0,1,0,0,0,0,0,0,0,1
14,906,,2,3,0,0,1,0,0,0,0,0,1,0,0,1,0,0,0,1,0,0,0,0
15,907,,1,2,1,0,1,0,0,0,0,0,1,0,0,0,0,0,0,0,0,0,0,1
16,908,,2,1,1,0,0,0,0,0,0,1,0,0,1,0,0,0,0,0,0,0,0,1
17,909,,1,0,0,1,0,0,0,0,0,1,0,0,0,0,0,0,0,0,0,0,0,1
18,910,,1,0,0,1,1,0,0,0,1,0,0,0,0,1,0,0,0,0,0,0,0,1
19,911,,2,0,0,1,0,0,0,0,0,0,1,0,0,0,0,0,0,0,0,0,0,1
20,912,,3,3,0,0,1,0,0,0,0,1,0,0,0,0,0,0,0,0,0,0,0,1
21,913,,0,0,0,1,1,0,0,1,0,0,0,0,0,1,0,0,0,0,0,0,0,1
22,914,,1,3,0,0,0,0,0,0,0,0,1,0,0,1,0,0,0,0,0,0,0,1
23,915,,1,3,0,0,1,0,0,0,0,1,0,0,0,0,0,0,0,0,0,0,0,1
24,916,,2,3,0,0,0,1,0,0,0,0,1,0,0,0,1,0,0,0,0,0,0,0
25,917,,3,1,0,1,1,0,0,0,0,1,0,0,0,1,0,0,0,0,0,0,0,1
26,918,,1,3,0,0,1,0,0,0,1,0,0,0,0,0,1,0,0,0,0,0,0,0
27,919,,1,0,0,1,0,0,0,0,0,1,0,0,0,0,0,0,0,0,0,0,0,1
28,920,,2,2,0,0,0,0,0,0,0,1,0,0,0,1,0,0,0,0,0,0,0,0
29,921,,1,2,0,1,1,0,0,0,0,1,0,0,0,0,0,0,0,0,0,0,0,1
30,922,,3,2,1,0,1,0,0,0,0,1,0,0,0,1,0,0,0,0,0,0,0,1
31,923,,1,3,1,0,1,0,0,0,0,1,0,0,0,1,0,0,0,0,0,0,0,1
32,924,,2,2,0,1,1,0,0,0,0,0,1,0,0,1,0,0,0,0,0,0,0,1
33,925,,1,2,0,1,1,0,0,0,0,0,1,0,0,1,0,0,0,0,0,0,0,1
34,926,,1,3,0,0,1,0,0,0,0,1,0,0,0,0,0,1,0,0,0,0,0,0
35,927,,1,0,0,1,0,0,0,0,0,1,0,0,0,0,0,0,0,0,0,0,0,1
36,928,,1,1,0,1,0,0,0,0,1,0,0,0,0,1,0,0,0,0,0,0,0,1
37,929,,1,1,0,1,0,0,0,0,1,0,0,0,0,1,0,0,0,0,0,0,0,1
38,930,,1,1,0,1,0,0,0,0,0,1,0,0,0,1,0,0,0,0,0,0,0,1
39,931,,1,3,0,1,0,0,0,0,0,1,0,0,0,1,0,0,0,0,0,0,0,1
40,932,,2,1,0,1,1,0,0,0,0,1,0,0,0,0,0,0,0,0,0,0,0,1
41,933,,1,2,0,0,0,0,0,0,0,1,0,0,0,1,0,0,1,0,0,0,0,0
42,934,,2,0,0,1,0,0,0,0,0,1,0,0,0,1,0,0,0,0,0,0,0,1
43,935,,1,1,1,0,0,0,0,0,0,0,1,0,0,1,0,0,0,0,0,0,0,1
44,936,,2,3,0,0,1,0,0,0,0,0,1,0,0,1,0,0,1,0,0,0,0,0
45,937,,1,0,0,1,0,0,0,0,0,1,0,0,0,1,0,0,0,0,0,0,0,1
46,938,,2,2,0,0,0,0,0,0,0,1,0,0,0,0,0,0,0,0,0,0,0,0
47,939,,1,0,0,1,0,0,0,0,0,1,0,0,1,0,0,0,0,0,0,0,0,1
48,940,,3,3,0,0,0,0,0,0,0,0,1,0,0,0,0,0,1,0,0,0,0,0
49,941,,2,2,0,1,1,0,0,0,0,0,1,0,0,1,0,0,0,0,0,0,0,1
50,942,,1,3,0,0,1,0,0,0,0,1,0,0,0,1,0,1,0,0,0,0,0,0
51,943,,1,2,1,0,0,0,0,0,0,1,0,0,0,0,0,0,0,0,0,0,0,1
52,944,,1,2,1,0,1,0,0,0,1,0,0,0,0,1,0,0,0,0,0,0,0,1
53,945,,1,3,0,0,0,1,0,0,1,0,0,0,0,1,0,1,0,0,0,0,0,0
54,946,,1,2,1,0,0,0,0,0,0,1,0,0,0,0,0,0,0,0,0,0,0,1
55,947,,0,2,0,1,0,1,0,1,0,0,0,0,1,0,0,0,0,0,0,0,0,1
56,948,,2,0,0,1,0,0,0,0,0,1,0,0,0,1,0,0,0,0,0,0,0,1
57,949,,1,0,0,1,0,0,0,0,0,1,0,0,0,1,0,0,0,0,1,0,0,0
58,950,,1,2,0,1,1,0,0,0,0,1,0,0,0,1,0,0,0,0,0,0,0,1
59,951,,2,3,0,0,0,0,0,0,1,0,0,0,0,0,1,0,0,0,0,0,0,0
60,952,,1,0,0,1,0,0,0,0,0,1,0,0,0,1,0,0,0,0,0,0,0,1
61,953,,1,1,1,0,0,0,0,0,0,1,0,0,0,1,0,0,0,0,0,0,0,1
62,954,,1,0,0,1,0,0,0,0,0,1,0,0,0,1,0,0,0,0,0,0,0,1
63,955,,1,0,0,1,0,0,0,0,1,0,0,0,1,0,0,0,0,0,0,0,0,1
64,956,,0,3,0,0,0,1,0,1,0,0,0,0,0,0,1,0,0,0,0,0,0,0
65,957,,1,2,1,0,0,0,0,0,0,0,1,0,0,1,0,0,0,0,0,0,0,1
66,958,,1,0,0,1,0,0,0,0,1,0,0,0,1,0,0,0,0,0,0,0,0,1
67,959,,2,3,0,0,0,0,0,0,0,1,0,0,0,1,0,0,0,0,0,0,0,1
68,960,,1,2,0,0,0,0,0,0,0,1,0,0,0,0,0,1,0,0,0,0,0,0
69,961,,3,3,0,0,0,1,0,0,0,0,1,0,0,1,0,1,0,0,0,0,0,0
70,962,,1,0,0,1,0,0,0,0,1,0,0,0,1,0,0,0,0,0,0,0,0,1
71,963,,1,0,0,1,0,0,0,0,0,1,0,0,0,1,0,0,0,0,0,0,0,1
72,964,,1,0,0,1,0,0,0,0,1,0,0,0,0,1,0,0,0,0,0,0,0,1
73,965,,1,2,0,0,0,0,0,0,0,1,0,0,0,0,0,0,1,0,0,0,0,0
74,966,,2,3,0,0,0,0,0,0,1,0,0,0,0,0,0,1,0,0,0,0,0,0
75,967,,2,3,0,0,0,0,0,0,0,1,0,0,0,0,0,1,0,0,0,0,0,0
76,968,,1,1,0,1,0,0,0,0,0,1,0,0,0,1,0,0,0,0,0,0,0,1
77,969,,3,2,0,0,1,0,0,0,0,0,1,0,0,1,0,1,0,0,0,0,0,0
78,970,,1,1,1,0,0,0,0,0,0,1,0,0,0,1,0,0,0,0,0,0,0,1
79,971,,1,0,0,1,0,0,0,0,1,0,0,0,1,0,0,0,0,0,0,0,0,1
80,972,,0,2,0,1,1,0,0,1,0,0,0,0,0,0,0,0,0,0,0,0,0,1
81,973,,4,3,0,0,1,0,0,0,0,1,0,0,0,1,0,1,0,0,0,0,0,0
82,974,,3,2,0,0,0,0,0,0,0,1,0,0,0,1,0,0,0,0,0,0,0,1
83,975,,1,0,0,1,0,0,0,0,0,1,0,0,0,1,0,0,0,0,0,0,0,1
84,976,,1,1,1,0,0,0,0,0,0,1,0,0,1,0,0,0,0,0,0,0,0,1
85,977,,1,1,0,1,1,0,0,0,0,1,0,0,0,0,0,0,0,0,0,0,0,1
86,978,,1,0,0,1,0,0,0,0,1,0,0,0,1,0,0,0,0,0,0,0,0,1
87,979,,1,1,0,1,0,0,0,0,1,0,0,0,0,1,0,0,0,0,0,0,0,1
88,980,,1,0,0,1,0,0,0,0,1,0,0,0,1,0,0,0,0,0,0,0,0,1
89,981,,0,2,1,0,1,0,0,1,0,0,0,0,0,1,0,0,0,0,0,0,0,1
90,982,,1,1,0,1,1,0,0,0,0,0,1,0,0,1,0,0,0,0,0,0,0,1
91,983,,1,0,0,1,0,0,0,0,0,1,0,0,0,1,0,0,0,0,0,0,0,1
92,984,,1,3,0,0,1,0,0,0,0,0,1,0,0,1,1,0,0,0,0,0,0,0
93,985,,1,1,0,1,0,0,0,0,0,1,0,0,0,1,0,0,0,0,0,0,0,1
94,986,,1,2,0,0,0,0,0,0,0,1,0,0,0,0,0,0,0,0,0,0,0,1
95,987,,1,0,0,1,0,0,0,0,0,1,0,0,0,1,0,0,0,0,0,0,0,1
96,988,,4,3,0,0,1,0,0,0,0,0,1,0,0,1,0,1,0,0,0,0,0,0
97,989,,1,0,0,1,0,0,0,0,0,1,0,0,0,1,0,0,0,0,0,0,0,1
98,990,,1,0,0,1,0,0,0,0,1,0,0,0,0,1,0,0,0,0,0,0,0,1
99,991,,2,1,0,1,0,0,0,0,0,1,0,0,0,1,0,0,0,0,0,0,0,1
100,992,,2,3,0,0,1,0,0,0,0,0,1,0,0,0,0,1,0,0,0,0,0,0
101,993,,1,2,1,0,1,0,0,0,0,1,0,0,0,1,0,0,0,0,0,0,0,1
102,994,,1,0,0,1,0,0,0,0,0,1,0,0,1,0,0,0,0,0,0,0,0,1
103,995,,1,0,0,1,0,0,0,0,0,1,0,0,0,1,0,0,0,0,0,0,0,1
104,996,,0,1,0,1,1,0,0,0,0,0,1,0,0,0,0,0,0,0,0,0,0,1
105,997,,1,2,0,1,0,0,0,0,0,1,0,0,0,1,0,0,0,0,0,0,0,1
106,998,,1,0,0,1,0,0,0,0,0,1,0,0,1,0,0,0,0,0,0,0,0,1
107,999,,1,0,0,1,0,0,0,0,0,1,0,0,1,0,0,0,0,0,0,0,0,1
108,1000,,1,1,0,1,0,0,0,0,0,1,0,0,0,1,0,0,0,0,0,0,0,1
109,1001,,1,1,1,0,0,0,0,0,0,1,0,0,0,1,0,0,0,0,1,0,0,0
110,1002,,2,2,1,0,0,0,0,0,0,1,0,0,0,0,0,0,0,0,0,0,0,1
111,1003,,1,0,0,1,0,0,0,0,1,0,0,0,1,0,0,0,0,0,0,0,0,1
112,1004,,2,3,0,0,0,0,0,0,1,0,0,0,0,0,0,0,0,0,0,0,0,0
113,1005,,1,0,0,1,0,0,0,0,1,0,0,0,1,0,0,0,0,0,0,0,0,1
114,1006,,3,3,0,0,1,0,0,0,0,0,1,0,0,1,0,1,0,0,0,0,0,0
115,1007,,1,1,0,1,1,0,0,0,0,1,0,0,0,0,0,0,0,0,0,0,0,1
116,1008,,1,0,0,1,0,0,0,0,0,1,0,0,0,0,0,0,0,0,0,0,0,1
117,1009,,0,2,0,1,1,0,0,0,1,0,0,0,0,1,0,0,0,0,0,1,0,0
118,1010,,2,3,0,0,0,0,0,0,0,1,0,0,0,0,0,1,0,0,0,0,0,0
119,1011,,1,2,1,0,1,0,0,0,0,0,1,0,0,1,0,0,0,0,0,0,0,1
120,1012,,0,2,1,0,0,0,0,0,1,0,0,0,0,1,0,0,0,0,0,0,0,1
121,1013,,1,0,0,1,1,0,0,0,0,1,0,0,1,0,0,0,0,0,0,0,0,1
122,1014,,2,3,0,0,1,0,0,0,0,0,1,0,0,0,0,1,0,0,0,0,0,0
123,1015,,1,0,0,1,0,0,0,0,0,1,0,0,0,1,0,0,0,0,0,0,0,1
124,1016,,1,0,0,1,0,0,0,0,0,1,0,0,1,0,0,0,0,0,0,0,0,1
125,1017,,1,2,0,1,1,0,0,0,1,0,0,0,0,1,0,0,0,0,0,0,0,1
126,1018,,1,0,0,1,0,0,0,0,0,1,0,0,0,1,0,0,0,0,0,0,0,1
127,1019,,1,2,0,1,1,0,0,0,1,0,0,0,1,0,0,0,0,0,0,0,0,1
128,1020,,2,1,1,0,0,0,0,0,0,1,0,0,0,1,0,0,0,0,0,0,0,1
129,1021,,1,1,0,1,0,0,0,0,0,1,0,0,0,1,0,0,0,0,0,0,0,1
130,1022,,1,1,0,1,0,0,0,0,0,1,0,0,0,1,0,0,0,0,0,0,0,1
131,1023,,3,2,0,0,0,0,0,0,0,1,0,0,0,0,0,1,0,0,0,0,0,0
132,1024,,1,2,0,1,0,1,0,0,0,0,1,0,0,1,0,0,0,0,0,0,0,1
133,1025,,1,0,0,1,1,0,0,0,0,1,0,0,0,0,0,0,0,0,0,0,0,1
134,1026,,2,0,0,1,0,0,0,0,0,1,0,0,0,1,0,0,0,0,0,0,0,1
135,1027,,1,0,0,1,0,0,0,0,0,1,0,0,0,1,0,0,0,0,0,0,0,1
136,1028,,1,0,0,1,0,0,0,0,0,1,0,0,0,0,0,0,0,0,0,0,0,1
137,1029,,1,1,1,0,0,0,0,0,0,1,0,0,0,1,0,0,0,0,0,0,0,1
138,1030,,1,1,0,1,0,0,0,0,1,0,0,0,0,1,0,0,0,0,0,0,0,1
139,1031,,2,3,0,1,0,0,1,0,0,1,0,0,0,1,0,0,0,0,0,0,0,1
140,1032,,0,3,0,1,0,0,1,0,1,0,0,0,0,1,0,0,0,0,0,0,0,1
141,1033,,2,3,0,0,0,0,0,0,1,0,0,0,0,1,0,0,0,0,0,0,0,1
142,1034,,3,3,0,0,0,1,0,0,0,1,0,0,0,0,1,0,0,0,0,0,0,0
143,1035,,1,2,1,0,0,0,0,0,0,1,0,0,0,1,0,0,0,0,0,0,0,1
144,1036,,2,2,0,0,0,0,0,0,0,1,0,0,0,1,0,0,0,0,0,0,0,1
145,1037,,1,2,0,1,1,0,0,0,0,1,0,0,0,1,0,0,0,0,0,0,0,1
146,1038,,1,3,0,0,0,0,0,0,0,1,0,0,0,1,0,0,0,1,0,0,0,0
147,1039,,1,1,0,1,0,0,0,0,0,1,0,0,0,1,0,0,0,0,0,0,0,1
148,1040,,1,2,0,0,0,0,0,0,0,1,0,0,0,1,0,0,0,0,0,0,0,1
149,1041,,1,2,1,0,1,0,0,0,0,0,0,1,0,1,0,0,0,0,0,0,0,1
150,1042,,1,3,0,0,1,0,0,0,0,0,1,0,0,0,0,1,0,0,0,0,0,0
151,1043,,1,0,0,1,0,0,0,0,0,1,0,0,0,0,0,0,0,0,0,0,0,1
152,1044,,3,1,0,1,0,0,0,0,0,1,0,0,0,1,0,0,0,0,0,0,0,1
153,1045,,2,1,0,1,1,0,0,0,0,0,1,0,0,1,0,0,0,0,0,0,0,1
154,1046,,0,3,0,1,0,1,0,1,0,0,0,0,0,1,0,0,0,0,0,0,0,1
155,1047,,1,0,0,1,0,0,0,0,0,1,0,0,0,1,0,0,0,0,0,0,0,1
156,1048,,1,3,0,0,0,0,0,0,1,0,0,0,0,1,0,1,0,0,0,0,0,0
157,1049,,1,0,0,1,0,0,0,0,1,0,0,0,0,1,0,0,0,0,0,0,0,1
158,1050,,2,2,0,0,0,0,0,0,0,1,0,0,0,1,0,0,1,0,0,0,0,0
159,1051,,1,1,0,1,1,0,0,0,0,0,1,0,0,1,0,0,0,0,0,0,0,1
160,1052,,1,0,0,1,0,0,0,0,1,0,0,0,1,0,0,0,0,0,0,0,0,1
161,1053,,0,2,0,1,1,0,0,1,0,0,0,0,0,0,0,0,0,0,0,0,0,1
162,1054,,1,1,1,0,0,0,0,0,1,0,0,0,0,1,0,0,0,0,0,0,0,1
163,1055,,1,0,0,1,0,0,0,0,0,1,0,0,0,1,0,0,0,0,0,0,0,1
164,1056,,2,1,1,0,0,0,0,0,0,0,0,1,0,1,0,0,0,0,0,0,0,1
165,1057,,1,2,0,1,1,0,0,0,0,0,1,0,0,1,0,0,0,0,0,0,0,1
166,1058,,2,3,0,0,0,0,0,0,0,1,0,0,0,0,1,0,0,0,0,0,0,0
167,1059,,1,3,0,1,0,1,0,0,0,1,0,0,0,1,0,0,0,0,0,0,0,1
168,1060,,1,2,0,0,0,0,0,0,0,0,1,0,0,0,0,0,0,0,0,0,0,1
169,1061,,1,1,0,1,0,0,0,0,1,0,0,0,0,1,0,0,0,0,0,0,0,1
170,1062,,1,0,0,1,0,0,0,0,0,1,0,0,0,1,0,0,0,0,0,0,0,1
171,1063,,1,0,0,1,0,0,0,0,0,1,0,0,0,0,0,0,0,0,0,0,0,1
172,1064,,1,1,0,1,1,0,0,0,0,1,0,0,0,1,0,0,0,0,0,0,0,1
173,1065,,1,0,0,1,0,0,0,0,0,1,0,0,0,0,0,0,0,0,0,0,0,1
174,1066,,2,3,0,1,0,1,0,0,0,1,0,0,0,1,0,0,0,0,0,0,0,1
175,1067,,0,3,1,0,1,0,0,0,1,0,0,0,0,1,0,0,0,0,0,0,0,1
176,1068,,1,3,1,0,0,0,0,0,1,0,0,0,0,1,0,0,0,0,0,0,0,1
177,1069,,3,3,0,0,1,0,0,0,0,1,0,0,0,0,0,1,0,0,0,0,0,0
178,1070,,2,3,1,0,1,0,0,0,0,0,1,0,0,1,0,0,0,0,1,0,0,0
179,1071,,3,3,0,0,1,0,0,0,0,0,1,0,0,0,0,0,0,1,0,0,0,0
180,1072,,1,1,1,0,0,0,0,0,0,1,0,0,0,1,0,0,0,0,0,0,0,1
181,1073,,2,3,0,0,1,0,0,0,0,1,0,0,0,0,0,0,0,1,0,0,0,0
182,1074,,1,3,0,0,1,0,0,0,0,0,1,0,0,1,0,0,1,0,0,0,0,0
183,1075,,1,0,0,1,0,0,0,0,0,1,0,0,1,0,0,0,0,0,0,0,0,1
184,1076,,1,3,0,0,1,0,0,0,0,0,1,0,0,0,1,0,0,0,0,0,0,0
185,1077,,2,2,1,0,0,0,0,0,0,1,0,0,0,1,0,0,0,0,0,0,0,1
186,1078,,1,2,1,0,1,0,0,0,1,0,0,0,0,1,0,0,0,0,0,0,0,1
187,1079,,1,1,0,1,1,0,0,0,0,1,0,0,0,1,0,0,0,0,0,0,0,1
188,1080,,1,3,0,1,0,0,1,0,1,0,0,0,0,1,0,0,0,0,0,0,0,1
189,1081,,2,1,1,0,0,0,0,0,0,1,0,0,0,1,0,0,0,0,0,0,0,1
190,1082,,2,2,1,0,1,0,0,0,0,1,0,0,0,1,0,0,0,0,0,0,0,1
191,1083,,1,2,0,0,0,0,0,0,0,1,0,0,0,1,0,0,0,0,0,0,0,1
192,1084,,0,1,0,1,1,0,0,1,0,0,0,0,0,1,0,0,0,0,0,0,0,1
193,1085,,3,1,1,0,0,0,0,0,0,1,0,0,1,0,0,0,0,0,0,0,0,1
194,1086,,0,3,1,0,1,0,0,1,0,0,0,0,0,1,0,0,0,0,0,0,0,1
195,1087,,2,0,0,1,0,0,0,0,0,1,0,0,0,1,0,0,0,0,0,0,0,1
196,1088,,0,3,0,0,1,0,0,1,0,0,0,0,0,0,0,0,0,1,0,0,0,0
197,1089,,1,0,0,1,0,0,0,0,1,0,0,0,0,1,0,0,0,0,0,0,0,1
198,1090,,1,1,1,0,0,0,0,0,0,1,0,0,0,1,0,0,0,0,0,0,0,1
199,1091,,1,1,0,1,0,0,0,0,0,0,1,0,0,1,0,0,0,0,0,0,0,1
200,1092,,1,2,0,1,0,0,0,0,1,0,0,0,1,0,0,0,0,0,0,0,0,1
201,1093,,0,1,0,1,1,0,0,1,0,0,0,0,0,1,0,0,0,0,0,0,0,1
202,1094,,2,3,0,0,1,0,0,0,0,1,0,0,0,0,0,1,0,0,0,0,0,0
203,1095,,0,2,1,0,1,0,0,0,1,0,0,0,0,1,0,0,0,0,0,0,0,1
204,1096,,1,1,1,0,0,0,0,0,0,1,0,0,0,1,0,0,0,0,0,0,0,1
205,1097,,1,2,0,0,0,0,0,0,0,1,0,0,0,0,0,0,0,0,0,0,0,1
206,1098,,2,0,0,1,0,0,0,0,1,0,0,0,1,0,0,0,0,0,0,0,0,1
207,1099,,1,1,1,0,0,0,0,0,0,1,0,0,0,1,0,0,0,0,0,0,0,1
208,1100,,2,2,0,0,0,0,0,0,1,0,0,0,0,0,0,0,0,0,0,0,0,0
209,1101,,1,0,0,1,0,0,0,0,0,1,0,0,0,1,0,0,0,0,0,0,0,1
210,1102,,1,2,0,1,0,0,0,0,0,1,0,0,0,1,0,0,0,0,0,0,0,1
211,1103,,1,0,0,1,0,0,0,0,0,1,0,0,0,1,0,0,0,0,0,0,0,1
212,1104,,1,3,1,0,0,0,0,0,0,1,0,0,0,1,0,0,0,0,0,0,0,1
213,1105,,3,2,1,0,1,0,0,0,0,0,1,0,0,1,0,0,0,0,0,0,0,1
214,1106,,2,0,0,1,0,1,0,0,1,0,0,0,0,1,0,0,0,0,0,0,0,1
215,1107,,2,3,0,0,0,0,0,0,0,1,0,0,0,1,1,0,0,0,0,0,0,0
216,1108,,1,0,0,1,0,0,0,0,1,0,0,0,1,0,0,0,0,0,0,0,0,1
217,1109,,3,3,0,0,1,0,0,0,0,1,0,0,0,1,0,0,0,0,0,0,0,1
218,1110,,3,3,0,0,1,0,0,0,0,0,1,0,0,0,0,1,0,0,0,0,0,0
219,1111,,1,1,0,1,0,0,0,0,0,1,0,0,0,1,0,0,0,0,0,0,0,1
220,1112,,1,1,1,0,1,0,0,0,1,0,0,0,0,0,0,0,0,0,0,0,0,1
221,1113,,1,1,0,1,0,0,0,0,0,1,0,0,0,1,0,0,0,0,0,0,0,1
222,1114,,1,1,1,0,0,0,0,0,0,0,1,0,0,1,0,0,0,0,1,0,0,0
223,1115,,1,0,0,1,0,0,0,0,0,1,0,0,0,1,0,0,0,0,0,0,0,1
224,1116,,3,2,0,0,0,0,0,0,0,0,1,0,0,0,0,0,0,0,0,0,0,1
225,1117,,1,2,0,1,1,0,0,0,0,0,1,0,0,0,0,0,0,0,0,0,0,1
226,1118,,1,0,0,1,0,0,0,0,0,1,0,0,0,1,0,0,0,0,0,0,0,1
227,1119,,1,0,0,1,0,0,0,0,1,0,0,0,1,0,0,0,0,0,0,0,0,1
228,1120,,2,2,0,1,0,0,0,0,0,1,0,0,0,1,0,0,0,0,0,0,0,1
229,1121,,2,1,1,0,0,0,0,0,0,1,0,0,0,1,0,0,0,0,0,0,0,1
230,1122,,0,3,1,0,0,0,0,0,0,1,0,0,0,1,0,0,0,0,0,0,0,1
231,1123,,1,2,0,0,0,0,0,0,1,0,0,0,0,1,0,0,0,0,0,0,0,1
232,1124,,1,0,0,1,1,0,0,0,0,1,0,0,0,1,0,0,0,0,0,0,0,1
233,1125,,1,0,0,1,0,0,0,0,0,1,0,0,1,0,0,0,0,0,0,0,0,1
234,1126,,2,3,0,0,1,0,0,0,0,1,0,0,0,0,0,1,0,0,0,0,0,0
235,1127,,1,0,0,1,0,0,0,0,0,1,0,0,0,1,0,0,0,0,0,0,0,1
236,1128,,3,3,0,0,1,0,0,0,0,1,0,0,0,0,0,0,1,0,0,0,0,0
237,1129,,1,0,0,1,0,0,0,0,0,1,0,0,0,0,0,0,0,0,0,0,0,1
238,1130,,1,1,1,0,1,0,0,0,1,0,0,0,0,1,0,0,0,0,0,0,0,1
239,1131,,2,3,0,0,1,0,0,0,0,0,1,0,0,0,0,1,0,0,0,0,0,0
240,1132,,3,2,0,0,0,0,0,0,0,0,1,0,0,0,0,0,0,0,0,0,0,1
241,1133,,2,2,1,0,1,0,0,0,0,0,1,0,0,1,0,0,0,0,0,0,0,1
242,1134,,2,3,0,0,1,0,0,0,0,1,0,0,0,0,0,0,0,1,0,0,0,0
243,1135,,1,0,0,1,0,0,0,0,0,1,0,0,0,1,0,0,0,0,0,0,0,1
244,1136,,1,2,0,1,1,0,0,1,0,0,0,0,0,1,0,0,0,0,0,0,0,1
245,1137,,2,3,0,0,1,0,0,0,0,1,0,0,0,1,0,0,1,0,0,0,0,0
246,1138,,1,2,1,0,0,0,0,0,0,0,1,0,0,1,0,0,0,0,0,0,0,1
247,1139,,2,3,1,0,1,0,0,0,0,1,0,0,0,1,0,0,0,0,0,0,0,1
248,1140,,1,2,1,0,1,0,0,0,0,0,1,0,0,1,0,0,0,0,0,0,0,1
249,1141,,1,1,0,1,1,0,0,0,0,0,1,0,0,0,0,0,0,0,0,0,0,1
250,1142,,0,2,1,0,1,0,0,0,1,0,0,0,0,1,0,0,0,0,0,0,0,1
251,1143,,1,0,0,1,0,0,0,0,0,1,0,0,0,1,0,0,0,0,0,0,0,1
252,1144,,1,3,0,0,1,0,0,0,0,1,0,0,0,0,0,1,0,0,0,0,0,0
253,1145,,1,1,0,1,0,0,0,0,0,1,0,0,0,1,0,0,0,0,0,0,0,1
254,1146,,2,1,0,1,0,0,0,0,0,1,0,0,0,1,0,0,0,0,0,0,0,1
255,1147,,1,0,0,1,0,0,0,0,0,1,0,0,0,1,0,0,0,0,0,0,0,1
256,1148,,1,0,0,1,0,0,0,0,0,1,0,0,1,0,0,0,0,0,0,0,0,1
257,1149,,1,1,0,1,0,0,0,0,0,1,0,0,0,1,0,0,0,0,0,0,0,1
258,1150,,1,1,1,0,0,0,0,0,1,0,0,0,0,1,0,0,0,0,0,0,0,1
259,1151,,1,0,0,1,0,0,0,0,0,1,0,0,0,1,0,0,0,0,0,0,0,1
260,1152,,2,2,0,1,1,0,0,0,0,1,0,0,0,1,0,0,0,0,0,0,0,1
261,1153,,1,0,0,1,0,0,0,0,0,1,0,0,0,1,0,0,0,0,0,0,0,1
262,1154,,1,2,1,0,1,0,0,0,0,0,1,0,0,1,0,0,0,0,0,0,0,1
263,1155,,0,1,0,1,1,0,0,0,1,0,0,0,0,1,0,0,0,0,0,0,0,1
264,1156,,1,1,1,0,0,0,0,0,0,1,0,0,0,0,0,0,0,0,0,0,0,1
265,1157,,1,0,0,1,0,0,0,0,0,1,0,0,0,1,0,0,0,0,0,0,0,1
266,1158,,1,1,0,0,0,0,0,0,0,1,0,0,0,1,0,0,0,0,0,0,0,1
267,1159,,1,0,0,1,0,0,0,0,0,1,0,0,0,1,0,0,0,0,0,0,0,1
268,1160,,1,1,0,1,0,0,0,0,1,0,0,0,0,1,0,0,0,0,0,0,0,1
269,1161,,1,1,0,1,0,0,0,0,0,1,0,0,0,1,0,0,0,0,0,0,0,1
270,1162,,2,3,0,0,0,0,0,0,0,1,0,0,0,0,0,1,0,0,0,0,0,0
271,1163,,1,0,0,1,0,0,0,0,0,1,0,0,1,0,0,0,0,0,0,0,0,1
272,1164,,1,3,0,0,1,0,0,0,0,0,1,0,0,0,0,1,0,0,0,0,0,0
273,1165,,1,2,0,1,1,0,0,0,1,0,0,0,1,0,0,0,0,0,0,0,0,1
274,1166,,1,0,0,1,0,0,0,0,0,1,0,0,0,0,0,0,0,0,0,0,0,1
275,1167,,1,2,1,0,1,0,0,0,1,0,0,0,0,1,0,0,0,0,0,0,0,1
276,1168,,1,1,1,0,0,0,0,0,0,1,0,0,0,1,0,0,0,0,0,0,0,1
277,1169,,2,2,1,0,1,0,0,0,0,1,0,0,0,1,0,0,0,0,0,0,0,1
278,1170,,1,2,1,0,1,0,0,0,0,1,0,0,0,1,0,0,0,0,0,0,0,1
279,1171,,1,1,1,0,0,0,0,0,0,1,0,0,0,1,0,0,0,0,0,0,0,1
280,1172,,1,1,0,1,0,0,0,0,1,0,0,0,0,1,0,0,0,0,0,0,0,1
281,1173,,0,1,0,1,1,0,0,1,0,0,0,0,0,1,0,0,0,0,0,0,0,1
282,1174,,1,0,0,1,0,0,0,0,1,0,0,0,1,0,0,0,0,0,0,0,0,1
283,1175,,0,2,0,1,1,0,0,0,1,0,0,0,0,0,0,0,0,0,0,0,0,1
284,1176,,0,2,0,1,1,0,0,0,1,0,0,0,0,1,0,0,0,0,0,0,0,1
285,1177,,2,0,0,1,0,0,0,0,0,1,0,0,0,1,0,0,0,0,0,0,0,1
286,1178,,1,0,0,1,0,0,0,0,0,1,0,0,0,1,0,0,0,0,0,0,0,1
287,1179,,1,3,0,0,1,0,0,0,0,1,0,0,0,1,1,0,0,0,0,0,0,0
288,1180,,1,0,0,1,0,0,0,0,0,1,0,0,0,0,0,0,0,0,1,0,0,0
289,1181,,1,1,0,1,0,0,0,0,0,1,0,0,0,1,0,0,0,0,0,0,0,1
290,1182,,1,3,0,0,0,0,0,0,0,1,0,0,0,1,0,0,0,0,0,0,0,1
291,1183,,1,0,0,1,0,0,0,0,1,0,0,0,1,0,0,0,0,0,0,0,0,1
292,1184,,1,0,0,1,0,0,0,0,0,1,0,0,0,0,0,0,0,0,0,0,0,1
293,1185,,3,3,0,0,1,0,0,0,0,0,0,0,0,1,0,0,0,0,0,0,0,0
294,1186,,2,1,0,1,0,0,0,0,0,1,0,0,0,1,0,0,0,0,0,0,0,1
295,1187,,1,0,0,1,0,0,0,0,0,1,0,0,0,1,0,0,0,0,0,0,0,1
296,1188,,0,3,1,0,1,0,0,0,1,0,0,0,0,0,0,0,0,0,0,0,0,1
297,1189,,1,2,0,1,1,0,0,0,0,1,0,0,0,0,0,0,0,0,0,0,0,1
298,1190,,1,3,0,0,0,0,0,0,0,1,0,0,0,1,0,0,0,0,0,0,0,1
299,1191,,1,0,0,1,0,0,0,0,0,1,0,0,0,1,0,0,0,0,0,0,0,1
300,1192,,1,0,0,1,0,0,0,0,0,1,0,0,0,1,0,0,0,0,0,0,0,1
301,1193,,1,2,1,0,0,0,0,0,0,1,0,0,0,0,0,0,1,0,0,0,0,0
302,1194,,2,2,1,0,1,0,0,0,0,1,0,0,0,1,0,0,0,0,0,0,0,1
303,1195,,1,1,0,1,0,0,0,0,0,1,0,0,0,1,0,0,0,0,0,0,0,1
304,1196,,1,0,0,1,0,0,0,0,1,0,0,0,1,0,0,0,0,0,0,0,0,1
305,1197,,3,2,0,0,1,0,0,0,0,0,1,0,0,1,1,0,0,0,0,0,0,0
306,1198,,1,3,0,0,1,0,0,0,0,1,0,0,0,1,0,1,0,0,0,0,0,0
307,1199,,0,1,0,1,1,0,0,1,0,0,0,0,0,1,0,0,0,0,0,0,0,1
308,1200,,3,3,0,0,1,0,0,0,0,1,0,0,0,1,1,0,0,0,0,0,0,0
309,1201,,2,1,0,1,1,0,0,0,0,0,1,0,0,1,0,0,0,0,0,0,0,1
310,1202,,1,1,0,1,0,0,0,0,0,1,0,0,0,1,0,0,0,0,0,0,0,1
311,1203,,1,0,0,1,0,0,0,0,0,1,0,0,0,0,0,0,0,0,0,0,0,1
312,1204,,1,0,0,1,0,0,0,0,0,1,0,0,0,1,0,0,0,0,0,0,0,1
313,1205,,2,0,0,1,0,0,0,0,1,0,0,0,1,0,0,0,0,0,0,0,0,1
314,1206,,3,3,0,0,0,0,0,0,0,0,1,0,0,0,0,1,0,0,0,0,0,0
315,1207,,1,0,0,1,0,0,0,0,1,0,0,0,1,0,0,0,0,0,0,0,0,1
316,1208,,3,3,0,0,1,0,0,0,0,1,0,0,0,0,1,0,0,0,0,0,0,0
317,1209,,1,1,1,0,0,0,0,0,0,1,0,0,0,1,0,0,0,0,0,0,0,1
318,1210,,1,0,0,1,0,0,0,0,0,1,0,0,0,1,0,0,0,0,0,0,0,1
319,1211,,1,3,1,0,1,0,0,0,0,1,0,0,0,1,0,0,0,0,0,0,0,1
320,1212,,1,0,0,1,0,0,0,0,0,1,0,0,0,1,0,0,0,0,0,0,0,1
321,1213,,1,0,0,1,0,0,0,0,0,1,0,0,0,0,0,0,0,0,1,0,0,0
322,1214,,1,1,1,0,0,0,0,0,0,1,0,0,0,1,0,0,0,0,1,0,0,0
323,1215,,2,2,0,0,0,0,0,0,0,1,0,0,0,1,0,0,0,0,0,0,0,1
324,1216,,2,3,0,0,0,0,0,0,1,0,0,0,0,1,0,0,0,0,0,0,0,1
325,1217,,1,0,0,1,0,0,0,0,0,1,0,0,0,1,0,0,0,0,0,0,0,1
326,1218,,0,3,1,0,1,0,0,0,1,0,0,0,0,1,0,0,0,0,1,0,0,0
327,1219,,2,3,0,0,0,0,0,0,0,1,0,0,0,0,0,0,0,0,0,0,0,1
328,1220,,1,2,1,0,1,0,0,0,0,1,0,0,0,1,0,0,0,0,0,0,0,1
329,1221,,1,1,1,0,0,0,0,0,0,1,0,0,0,1,0,0,0,0,0,0,0,1
330,1222,,2,3,1,0,1,0,0,0,0,0,1,0,0,1,0,0,0,0,0,0,0,1
331,1223,,2,2,0,0,0,0,0,0,0,1,0,0,0,0,0,0,0,0,0,0,0,0
332,1224,,1,0,0,1,0,0,0,0,0,1,0,0,0,0,0,0,0,0,0,0,0,1
333,1225,,1,2,0,1,1,0,0,0,0,0,1,0,0,0,0,0,0,0,0,0,0,1
334,1226,,1,0,0,1,0,0,0,0,0,1,0,0,0,1,0,0,0,0,0,0,0,1
335,1227,,1,2,0,0,0,0,0,0,0,1,0,0,0,1,0,1,0,0,0,0,0,0
336,1228,,1,1,1,0,0,0,0,0,0,1,0,0,0,1,0,0,0,0,0,0,0,1
337,1229,,2,0,0,1,1,0,0,0,0,1,0,0,0,0,0,0,0,0,0,0,0,1
338,1230,,1,3,1,0,0,0,0,0,0,1,0,0,0,1,0,0,0,0,0,0,0,1
339,1231,,1,0,0,1,0,0,0,1,0,0,0,0,0,0,0,0,0,0,0,0,0,1
340,1232,,1,1,1,0,0,0,0,0,0,1,0,0,0,1,0,0,0,0,0,0,0,1
341,1233,,1,0,0,1,0,0,0,0,0,1,0,0,0,1,0,0,0,0,0,0,0,1
342,1234,,1,3,0,1,0,0,1,0,0,1,0,0,0,1,0,0,0,0,0,0,0,1
343,1235,,3,3,0,0,1,0,0,0,0,0,1,0,0,0,1,0,0,0,0,0,0,0
344,1236,,1,1,0,1,1,0,0,1,0,0,0,0,0,1,0,0,0,0,0,0,0,1
345,1237,,0,0,0,1,0,0,0,0,1,0,0,0,0,1,0,0,0,0,0,0,0,1
346,1238,,1,1,1,0,0,0,0,0,0,1,0,0,0,1,0,0,0,0,0,0,0,1
347,1239,,2,0,0,1,0,0,0,0,0,0,1,0,0,0,0,0,0,0,0,0,0,1
348,1240,,1,1,1,0,0,0,0,0,0,1,0,0,0,1,0,0,0,0,0,0,0,1
349,1241,,1,2,1,0,0,0,0,0,1,0,0,0,0,1,0,0,0,0,0,0,0,1
350,1242,,2,3,0,0,1,0,0,0,0,0,1,0,0,0,0,0,1,0,0,0,0,0
351,1243,,1,1,1,0,0,0,0,0,0,1,0,0,0,1,0,0,0,0,0,0,0,1
352,1244,,1,3,1,0,0,0,0,0,0,1,0,0,0,1,0,0,0,0,0,0,0,1
353,1245,,3,3,1,0,1,0,0,0,0,1,0,0,0,1,0,0,0,0,0,0,0,1
354,1246,,0,2,0,1,1,0,0,0,1,0,0,0,0,1,0,0,0,0,0,0,0,1
355,1247,,3,2,0,0,0,0,0,0,0,1,0,0,0,1,0,0,0,1,0,0,0,0
356,1248,,3,3,0,0,1,0,0,0,0,0,1,0,0,1,0,1,0,0,0,0,0,0
357,1249,,1,0,0,1,0,0,0,0,0,1,0,0,0,1,0,0,0,0,0,0,0,1
358,1250,,1,0,0,1,0,0,0,0,0,1,0,0,1,0,0,0,0,0,0,0,0,1
359,1251,,1,2,0,1,1,0,0,0,0,0,1,0,0,1,0,0,0,0,0,0,0,1
360,1252,,0,3,0,1,0,0,1,1,0,0,0,0,0,1,0,0,0,0,0,0,0,1
361,1253,,1,3,1,0,1,0,0,0,0,0,1,0,0,0,0,0,0,0,0,0,0,1
362,1254,,1,2,1,0,0,0,0,0,0,0,1,0,0,1,0,0,0,0,0,0,0,1
363,1255,,1,1,0,1,0,0,0,0,0,1,0,0,0,1,0,0,0,0,0,0,0,1
364,1256,,1,3,0,0,1,0,0,0,0,0,1,0,0,0,0,0,0,1,0,0,0,0
365,1257,,1,3,0,1,0,0,1,0,0,0,1,0,0,1,0,0,0,0,0,0,0,1
366,1258,,1,1,0,1,1,0,0,0,0,1,0,0,0,0,0,0,0,0,0,0,0,1
367,1259,,1,3,0,1,0,0,0,0,1,0,0,0,0,1,0,0,0,0,0,0,0,1
368,1260,,2,3,0,0,1,0,0,0,0,0,1,0,0,0,0,0,0,0,0,0,0,1
369,1261,,1,1,1,0,0,0,0,0,0,1,0,0,0,0,0,0,0,0,0,0,0,1
370,1262,,1,1,1,0,1,0,0,0,0,1,0,0,0,1,0,0,0,0,0,0,0,1
371,1263,,1,3,0,0,0,0,0,0,1,0,0,0,0,0,0,0,0,1,0,0,0,0
372,1264,,3,1,0,0,0,0,0,0,0,1,0,0,0,1,1,0,0,0,0,0,0,0
373,1265,,2,1,1,0,0,0,0,0,0,1,0,0,0,1,0,0,0,0,0,0,0,1
374,1266,,3,3,0,0,1,0,0,0,0,0,1,0,0,1,0,0,0,0,0,0,0,0
375,1267,,2,3,0,0,0,0,0,0,1,0,0,0,0,0,0,0,0,0,0,0,0,1
376,1268,,1,1,0,1,1,0,0,0,1,0,0,0,0,1,0,0,0,0,0,0,0,1
377,1269,,1,1,1,0,0,0,0,0,0,1,0,0,0,1,0,0,0,0,0,0,0,1
378,1270,,3,3,0,0,0,0,0,0,0,1,0,0,0,1,0,1,0,0,0,0,0,0
379,1271,,0,3,0,1,0,1,0,1,0,0,0,0,0,1,0,0,0,0,0,0,0,1
380,1272,,1,0,0,1,0,0,0,0,0,1,0,0,1,0,0,0,0,0,0,0,0,1
381,1273,,1,0,0,1,0,0,0,0,0,1,0,0,1,0,0,0,0,0,0,0,0,1
382,1274,,1,1,0,1,0,0,0,0,0,0,1,0,0,1,0,0,0,0,0,0,0,1
383,1275,,1,2,0,1,1,0,0,0,0,0,1,0,0,1,0,0,0,0,0,0,0,1
384,1276,,1,1,1,0,0,0,0,0,0,1,0,0,0,1,0,0,0,0,0,0,0,1
385,1277,,1,3,1,0,1,0,0,0,1,0,0,0,0,1,0,0,0,0,0,0,0,1
386,1278,,1,0,0,1,0,0,0,0,0,1,0,0,0,1,0,0,0,0,0,0,0,1
387,1279,,3,1,1,0,0,0,0,0,0,1,0,0,0,1,0,0,0,0,0,0,0,1
388,1280,,1,0,0,1,0,0,0,0,0,1,0,0,1,0,0,0,0,0,0,0,0,1
389,1281,,0,2,0,1,0,1,0,1,0,0,0,0,0,1,0,0,0,0,0,0,0,1
390,1282,,1,3,0,0,0,0,0,0,0,1,0,0,0,1,1,0,0,0,0,0,0,0
391,1283,,3,3,0,0,1,0,0,0,0,0,1,0,0,1,0,0,1,0,0,0,0,0
392,1284,,0,2,0,1,1,0,0,1,0,0,0,0,0,1,0,0,0,0,0,0,0,1
393,1285,,2,1,1,0,0,0,0,0,0,1,0,0,0,1,0,0,0,0,0,0,0,1
394,1286,,1,2,0,1,0,1,0,0,0,1,0,0,0,1,0,0,0,0,0,0,0,1
395,1287,,1,3,0,0,1,0,0,0,0,0,1,0,0,1,0,1,0,0,0,0,0,0
396,1288,,1,0,0,1,0,0,0,0,0,1,0,0,1,0,0,0,0,0,0,0,0,1
397,1289,,2,3,0,0,1,0,0,0,0,0,1,0,0,0,1,0,0,0,0,0,0,0
398,1290,,1,0,0,1,0,0,0,0,0,1,0,0,0,1,0,0,0,0,0,0,0,1
399,1291,,1,0,0,1,0,0,0,0,0,1,0,0,1,0,0,0,0,0,0,0,0,1
400,1292,,1,3,0,0,0,0,0,0,1,0,0,0,0,1,0,1,0,0,0,0,0,0
401,1293,,2,2,1,0,1,0,0,0,0,1,0,0,0,1,0,0,0,0,0,0,0,1
402,1294,,1,3,0,0,1,0,0,0,1,0,0,0,0,0,0,0,0,0,0,0,0,1
403,1295,,1,3,0,0,0,0,0,0,0,1,0,0,0,1,0,0,0,0,0,0,0,1
404,1296,,2,2,0,0,1,0,0,0,0,1,0,0,0,0,0,0,1,0,0,0,0,0
405,1297,,1,1,1,0,0,0,0,0,0,1,0,0,0,0,0,0,1,0,0,0,0,0
406,1298,,1,1,1,0,1,0,0,0,0,1,0,0,0,1,0,0,0,0,0,0,0,1
407,1299,,3,3,0,0,1,0,0,0,0,1,0,0,0,0,0,1,0,0,0,0,0,0
408,1300,,1,0,0,1,0,0,0,0,1,0,0,0,1,0,0,0,0,0,0,0,0,1
409,1301,,0,1,0,1,1,0,0,0,1,0,0,0,0,1,0,0,0,0,0,0,0,1
410,1302,,1,0,0,1,0,0,0,0,1,0,0,0,1,0,0,0,0,0,0,0,0,1
411,1303,,2,3,0,0,1,0,0,0,0,0,1,0,1,0,0,1,0,0,0,0,0,0
412,1304,,1,0,0,1,0,0,0,0,1,0,0,0,0,1,0,0,0,0,0,0,0,1
413,1305,,1,1,0,1,0,0,0,0,0,1,0,0,0,1,0,0,0,0,0,0,0,1
414,1306,,2,3,0,0,0,0,0,0,1,0,0,0,0,0,0,1,0,0,0,0,0,0
415,1307,,2,0,0,1,0,0,0,0,0,1,0,0,0,1,0,0,0,0,0,0,0,1
416,1308,,1,1,0,1,0,0,0,0,0,1,0,0,0,1,0,0,0,0,0,0,0,1
417,1309,,1,2,0,1,1,0,0,1,0,0,0,0,0,0,0,0,0,0,0,0,0,1
